label,path,type,checker
.,/DataCentric/data/train/vi/aac26b40-ce5d-11eb-b317-38f9d35ea60f.png,remove,hao
.,/DataCentric/data/train/i/ac3db31c-ce5d-11eb-b317-38f9d35ea60f.png,remove,hao
.,/DataCentric/data/train/i/ac3e7324-ce5d-11eb-b317-38f9d35ea60f.png,remove,hao
.,/DataCentric/data/train/iii/b03b3520-ce5d-11eb-b317-38f9d35ea60f.png,remove,hao
.,/DataCentric/data/train/i/ac64aa4e-ce5d-11eb-b317-38f9d35ea60f.png,remove,hao
.,/DataCentric/data/train/i/ac18fb9e-ce5d-11eb-b317-38f9d35ea60f.png,remove,hao
