label,path,type,checker
vi,/DataCentric/data/train/vi/ab130032-ce5d-11eb-b317-38f9d35ea60f.png,keep,anh
vi,/DataCentric/data/train/vi/ab27bb8a-ce5d-11eb-b317-38f9d35ea60f.png,keep,anh
viii,/DataCentric/data/train/viii/ad32ae94-ce5d-11eb-b317-38f9d35ea60f.png,keep,anh
ix,/DataCentric/data/train/ix/aefabef6-ce5d-11eb-b317-38f9d35ea60f.png,keep,anh
x,/DataCentric/data/train/x/afd47cd6-ce5d-11eb-b317-38f9d35ea60f.png,keep,anh
ii,/DataCentric/data/train/ii/ab8ce55a-ce5d-11eb-b317-38f9d35ea60f.png,keep,anh
viii,/DataCentric/data/train/viii/ad79fd9e-ce5d-11eb-b317-38f9d35ea60f.png,keep,anh
ix,/DataCentric/data/train/ix/ae987a98-ce5d-11eb-b317-38f9d35ea60f.png,keep,anh
iv,/DataCentric/data/train/iv/adec1cc6-ce5d-11eb-b317-38f9d35ea60f.png,keep,anh
vi,/DataCentric/data/train/vi/aafe9f98-ce5d-11eb-b317-38f9d35ea60f.png,keep,anh
ix,/DataCentric/data/train/ix/aec28824-ce5d-11eb-b317-38f9d35ea60f.png,keep,anh
v,/DataCentric/data/train/v/af7147c4-ce5d-11eb-b317-38f9d35ea60f.png,keep,anh
iii,/DataCentric/data/train/iii/b0f0a4e6-ce5d-11eb-b317-38f9d35ea60f.png,keep,anh
vi,/DataCentric/data/train/vi/ab024044-ce5d-11eb-b317-38f9d35ea60f.png,keep,anh
vii,/DataCentric/data/train/vii/ac79b650-ce5d-11eb-b317-38f9d35ea60f.png,keep,anh
viii,/DataCentric/data/train/viii/ad787fd2-ce5d-11eb-b317-38f9d35ea60f.png,keep,anh
iv,/DataCentric/data/train/iv/ae62986a-ce5d-11eb-b317-38f9d35ea60f.png,keep,anh
vi,/DataCentric/data/train/vi/aae06d34-ce5d-11eb-b317-38f9d35ea60f.png,keep,anh
iv,/DataCentric/data/train/iv/add8501a-ce5d-11eb-b317-38f9d35ea60f.png,keep,anh
v,/DataCentric/data/train/v/af26fff2-ce5d-11eb-b317-38f9d35ea60f.png,keep,anh
v,/DataCentric/data/train/v/af678018-ce5d-11eb-b317-38f9d35ea60f.png,keep,anh
ix,/DataCentric/data/train/ix/aebc97a2-ce5d-11eb-b317-38f9d35ea60f.png,keep,anh
v,/DataCentric/data/train/v/af1693b0-ce5d-11eb-b317-38f9d35ea60f.png,keep,anh
v,/DataCentric/data/train/v/af282ce2-ce5d-11eb-b317-38f9d35ea60f.png,keep,anh
v,/DataCentric/data/train/v/af77c36a-ce5d-11eb-b317-38f9d35ea60f.png,keep,anh
iii,/DataCentric/data/train/iii/b0caa656-ce5d-11eb-b317-38f9d35ea60f.png,keep,anh
vii,/DataCentric/data/train/vii/ac81999c-ce5d-11eb-b317-38f9d35ea60f.png,keep,anh
i,/DataCentric/data/train/i/ac5e83c6-ce5d-11eb-b317-38f9d35ea60f.png,keep,anh
x,/DataCentric/data/train/x/afa44412-ce5d-11eb-b317-38f9d35ea60f.png,keep,anh
i,/DataCentric/data/train/i/ac506f3e-ce5d-11eb-b317-38f9d35ea60f.png,keep,anh
i,/DataCentric/data/train/i/abb85924-ce5d-11eb-b317-38f9d35ea60f.png,keep,anh
x,/DataCentric/data/train/x/afd37fb6-ce5d-11eb-b317-38f9d35ea60f.png,keep,anh
iii,/DataCentric/data/train/iii/b08b53ac-ce5d-11eb-b317-38f9d35ea60f.png,keep,anh
i,/DataCentric/data/train/i/ac4906e0-ce5d-11eb-b317-38f9d35ea60f.png,keep,anh
ix,/DataCentric/data/train/ix/aee6eafc-ce5d-11eb-b317-38f9d35ea60f.png,keep,anh
iv,/DataCentric/data/train/iv/ae32bdfc-ce5d-11eb-b317-38f9d35ea60f.png,keep,anh
iii,/DataCentric/data/train/iii/b093f516-ce5d-11eb-b317-38f9d35ea60f.png,keep,anh
ix,/DataCentric/data/train/ix/aebc03be-ce5d-11eb-b317-38f9d35ea60f.png,keep,anh
ix,/DataCentric/data/train/ix/ae93dcea-ce5d-11eb-b317-38f9d35ea60f.png,keep,anh
iii,/DataCentric/data/train/iii/b0e67e44-ce5d-11eb-b317-38f9d35ea60f.png,keep,anh
ix,/DataCentric/data/train/ix/af06a09a-ce5d-11eb-b317-38f9d35ea60f.png,keep,anh
x,/DataCentric/data/train/x/afd63062-ce5d-11eb-b317-38f9d35ea60f.png,keep,anh
iv,/DataCentric/data/train/iv/ae08a530-ce5d-11eb-b317-38f9d35ea60f.png,keep,anh
x,/DataCentric/data/train/x/afc711e0-ce5d-11eb-b317-38f9d35ea60f.png,keep,anh
ix,/DataCentric/data/train/ix/aed16d6c-ce5d-11eb-b317-38f9d35ea60f.png,keep,anh
x,/DataCentric/data/train/x/afbe68f6-ce5d-11eb-b317-38f9d35ea60f.png,keep,anh
iii,/DataCentric/data/train/iii/b04f3afc-ce5d-11eb-b317-38f9d35ea60f.png,keep,anh
ix,/DataCentric/data/train/ix/aef7ab9e-ce5d-11eb-b317-38f9d35ea60f.png,keep,anh
v,/DataCentric/data/train/v/af448a86-ce5d-11eb-b317-38f9d35ea60f.png,keep,anh
ii,/DataCentric/data/train/ii/ab4aab36-ce5d-11eb-b317-38f9d35ea60f.png,keep,anh
vi,/DataCentric/data/train/vi/aadfde82-ce5d-11eb-b317-38f9d35ea60f.png,keep,anh
iv,/DataCentric/data/train/iv/ae74ad3e-ce5d-11eb-b317-38f9d35ea60f.png,keep,anh
iv,/DataCentric/data/train/iv/ae84df2e-ce5d-11eb-b317-38f9d35ea60f.png,keep,anh
v,/DataCentric/data/train/v/af38e708-ce5d-11eb-b317-38f9d35ea60f.png,keep,anh
x,/DataCentric/data/train/x/afa65090-ce5d-11eb-b317-38f9d35ea60f.png,keep,anh
iv,/DataCentric/data/train/iv/ade3b630-ce5d-11eb-b317-38f9d35ea60f.png,keep,anh
x,/DataCentric/data/train/x/b021ace0-ce5d-11eb-b317-38f9d35ea60f.png,keep,anh
i,/DataCentric/data/train/i/ac231e44-ce5d-11eb-b317-38f9d35ea60f.png,keep,anh
ii,/DataCentric/data/train/ii/ab2e9892-ce5d-11eb-b317-38f9d35ea60f.png,keep,anh
iv,/DataCentric/data/train/iv/ae27eb3e-ce5d-11eb-b317-38f9d35ea60f.png,keep,anh
vii,/DataCentric/data/train/vii/acf5a9ae-ce5d-11eb-b317-38f9d35ea60f.png,keep,anh
vii,/DataCentric/data/train/vii/acec3ea0-ce5d-11eb-b317-38f9d35ea60f.png,keep,anh
iv,/DataCentric/data/train/iv/ae4e4ea0-ce5d-11eb-b317-38f9d35ea60f.png,keep,anh
viii,/DataCentric/data/train/viii/ad575de8-ce5d-11eb-b317-38f9d35ea60f.png,keep,anh
vi,/DataCentric/data/train/vi/aacc417e-ce5d-11eb-b317-38f9d35ea60f.png,keep,anh
x,/DataCentric/data/train/x/b02616ea-ce5d-11eb-b317-38f9d35ea60f.png,keep,anh
vii,/DataCentric/data/train/vii/acae9c9e-ce5d-11eb-b317-38f9d35ea60f.png,keep,anh
iv,/DataCentric/data/train/iv/ae4bf5ec-ce5d-11eb-b317-38f9d35ea60f.png,keep,anh
iv,/DataCentric/data/train/iv/ae2373a6-ce5d-11eb-b317-38f9d35ea60f.png,keep,anh
x,/DataCentric/data/train/x/afa7134a-ce5d-11eb-b317-38f9d35ea60f.png,keep,anh
v,/DataCentric/data/train/v/af734c18-ce5d-11eb-b317-38f9d35ea60f.png,keep,anh
x,/DataCentric/data/train/x/afd81b98-ce5d-11eb-b317-38f9d35ea60f.png,keep,anh
iv,/DataCentric/data/train/iv/ae656086-ce5d-11eb-b317-38f9d35ea60f.png,keep,anh
ix,/DataCentric/data/train/ix/af000d5c-ce5d-11eb-b317-38f9d35ea60f.png,keep,anh
iv,/DataCentric/data/train/iv/ade2376a-ce5d-11eb-b317-38f9d35ea60f.png,keep,anh
ii,/DataCentric/data/train/ii/ab8ff736-ce5d-11eb-b317-38f9d35ea60f.png,keep,anh
ix,/DataCentric/data/train/ix/aeef5a98-ce5d-11eb-b317-38f9d35ea60f.png,keep,anh
ii,/DataCentric/data/train/ii/ab984cb0-ce5d-11eb-b317-38f9d35ea60f.png,keep,anh
viii,/DataCentric/data/train/viii/ad3aa842-ce5d-11eb-b317-38f9d35ea60f.png,keep,anh
i,/DataCentric/data/train/i/ac5886e2-ce5d-11eb-b317-38f9d35ea60f.png,keep,anh
ii,/DataCentric/data/train/ii/ab5d949e-ce5d-11eb-b317-38f9d35ea60f.png,keep,anh
vi,/DataCentric/data/train/vi/aacb3d1a-ce5d-11eb-b317-38f9d35ea60f.png,keep,anh
iv,/DataCentric/data/train/iv/ae44c560-ce5d-11eb-b317-38f9d35ea60f.png,keep,anh
iv,/DataCentric/data/train/iv/ae0b6ca2-ce5d-11eb-b317-38f9d35ea60f.png,keep,anh
ix,/DataCentric/data/train/ix/aefe76ae-ce5d-11eb-b317-38f9d35ea60f.png,keep,anh
vii,/DataCentric/data/train/vii/aca769ce-ce5d-11eb-b317-38f9d35ea60f.png,keep,anh
v,/DataCentric/data/train/v/af896ae8-ce5d-11eb-b317-38f9d35ea60f.png,keep,anh
i,/DataCentric/data/train/i/abccce40-ce5d-11eb-b317-38f9d35ea60f.png,keep,anh
vii,/DataCentric/data/train/vii/acab893c-ce5d-11eb-b317-38f9d35ea60f.png,keep,anh
ii,/DataCentric/data/train/ii/ab2f3aea-ce5d-11eb-b317-38f9d35ea60f.png,keep,anh
iv,/DataCentric/data/train/iv/ae776fd8-ce5d-11eb-b317-38f9d35ea60f.png,keep,anh
vi,/DataCentric/data/train/vi/ab012326-ce5d-11eb-b317-38f9d35ea60f.png,keep,anh
v,/DataCentric/data/train/v/af96aa6e-ce5d-11eb-b317-38f9d35ea60f.png,keep,anh
ii,/DataCentric/data/train/ii/ab884112-ce5d-11eb-b317-38f9d35ea60f.png,keep,anh
i,/DataCentric/data/train/i/ac1035e0-ce5d-11eb-b317-38f9d35ea60f.png,keep,anh
i,/DataCentric/data/train/i/ac14e8ba-ce5d-11eb-b317-38f9d35ea60f.png,keep,anh
iv,/DataCentric/data/train/iv/ae6d4580-ce5d-11eb-b317-38f9d35ea60f.png,keep,anh
ix,/DataCentric/data/train/ix/aebd296a-ce5d-11eb-b317-38f9d35ea60f.png,keep,anh
x,/DataCentric/data/train/x/aff0f85c-ce5d-11eb-b317-38f9d35ea60f.png,keep,anh
v,/DataCentric/data/train/v/af1f7480-ce5d-11eb-b317-38f9d35ea60f.png,keep,anh
x,/DataCentric/data/train/x/afdb2e32-ce5d-11eb-b317-38f9d35ea60f.png,keep,anh
iv,/DataCentric/data/train/iv/ae20a3e2-ce5d-11eb-b317-38f9d35ea60f.png,keep,anh
i,/DataCentric/data/train/i/abf1f634-ce5d-11eb-b317-38f9d35ea60f.png,keep,anh
viii,/DataCentric/data/train/viii/ad0ca9e2-ce5d-11eb-b317-38f9d35ea60f.png,keep,anh
i,/DataCentric/data/train/i/abc6b9f6-ce5d-11eb-b317-38f9d35ea60f.png,keep,anh
iii,/DataCentric/data/train/iii/b0d9bbf0-ce5d-11eb-b317-38f9d35ea60f.png,keep,anh
i,/DataCentric/data/train/i/ac4e20c6-ce5d-11eb-b317-38f9d35ea60f.png,keep,anh
v,/DataCentric/data/train/v/af357f8c-ce5d-11eb-b317-38f9d35ea60f.png,keep,anh
iv,/DataCentric/data/train/iv/ae82dddc-ce5d-11eb-b317-38f9d35ea60f.png,keep,anh
iii,/DataCentric/data/train/iii/b0cb950c-ce5d-11eb-b317-38f9d35ea60f.png,keep,anh
vi,/DataCentric/data/train/vi/aabec0da-ce5d-11eb-b317-38f9d35ea60f.png,keep,anh
iv,/DataCentric/data/train/iv/ae2d7450-ce5d-11eb-b317-38f9d35ea60f.png,keep,anh
viii,/DataCentric/data/train/viii/ad77dad2-ce5d-11eb-b317-38f9d35ea60f.png,keep,anh
v,/DataCentric/data/train/v/af7d78aa-ce5d-11eb-b317-38f9d35ea60f.png,keep,anh
iv,/DataCentric/data/train/iv/ae887ed6-ce5d-11eb-b317-38f9d35ea60f.png,keep,anh
iv,/DataCentric/data/train/iv/ae0ff5d8-ce5d-11eb-b317-38f9d35ea60f.png,keep,anh
v,/DataCentric/data/train/v/af8a7abe-ce5d-11eb-b317-38f9d35ea60f.png,keep,anh
vii,/DataCentric/data/train/vii/acc2f36a-ce5d-11eb-b317-38f9d35ea60f.png,keep,anh
i,/DataCentric/data/train/i/ac290142-ce5d-11eb-b317-38f9d35ea60f.png,keep,anh
ix,/DataCentric/data/train/ix/aed98916-ce5d-11eb-b317-38f9d35ea60f.png,keep,anh
v,/DataCentric/data/train/v/af17776c-ce5d-11eb-b317-38f9d35ea60f.png,keep,anh
iv,/DataCentric/data/train/iv/addb0e54-ce5d-11eb-b317-38f9d35ea60f.png,keep,anh
ii,/DataCentric/data/train/ii/ab6d8f8e-ce5d-11eb-b317-38f9d35ea60f.png,keep,anh
v,/DataCentric/data/train/v/af691824-ce5d-11eb-b317-38f9d35ea60f.png,keep,anh
iv,/DataCentric/data/train/iv/ae41f6a0-ce5d-11eb-b317-38f9d35ea60f.png,keep,anh
v,/DataCentric/data/train/v/af2af2c4-ce5d-11eb-b317-38f9d35ea60f.png,keep,anh
ix,/DataCentric/data/train/ix/aef20252-ce5d-11eb-b317-38f9d35ea60f.png,keep,anh
i,/DataCentric/data/train/i/ac3d21fe-ce5d-11eb-b317-38f9d35ea60f.png,keep,anh
ii,/DataCentric/data/train/ii/ab82d8d0-ce5d-11eb-b317-38f9d35ea60f.png,keep,anh
i,/DataCentric/data/train/i/ac57ea02-ce5d-11eb-b317-38f9d35ea60f.png,keep,anh
viii,/DataCentric/data/train/viii/adc93b66-ce5d-11eb-b317-38f9d35ea60f.png,keep,anh
v,/DataCentric/data/train/v/af5ecf68-ce5d-11eb-b317-38f9d35ea60f.png,keep,anh
iii,/DataCentric/data/train/iii/b05b5b66-ce5d-11eb-b317-38f9d35ea60f.png,keep,anh
iv,/DataCentric/data/train/iv/ae2af5ae-ce5d-11eb-b317-38f9d35ea60f.png,keep,anh
ix,/DataCentric/data/train/ix/ae8f60de-ce5d-11eb-b317-38f9d35ea60f.png,keep,anh
viii,/DataCentric/data/train/viii/ad71cdae-ce5d-11eb-b317-38f9d35ea60f.png,keep,anh
vii,/DataCentric/data/train/vii/acbf8aea-ce5d-11eb-b317-38f9d35ea60f.png,keep,anh
iv,/DataCentric/data/train/iv/addd9516-ce5d-11eb-b317-38f9d35ea60f.png,keep,anh
vii,/DataCentric/data/train/vii/acf9593c-ce5d-11eb-b317-38f9d35ea60f.png,keep,anh
viii,/DataCentric/data/train/viii/ad105f2e-ce5d-11eb-b317-38f9d35ea60f.png,keep,anh
v,/DataCentric/data/train/v/af7633ce-ce5d-11eb-b317-38f9d35ea60f.png,keep,anh
vi,/DataCentric/data/train/vi/aae61392-ce5d-11eb-b317-38f9d35ea60f.png,keep,anh
v,/DataCentric/data/train/v/af451cee-ce5d-11eb-b317-38f9d35ea60f.png,keep,anh
iv,/DataCentric/data/train/iv/ae55b49c-ce5d-11eb-b317-38f9d35ea60f.png,keep,anh
v,/DataCentric/data/train/v/af4c15a8-ce5d-11eb-b317-38f9d35ea60f.png,keep,anh
ix,/DataCentric/data/train/ix/aed59888-ce5d-11eb-b317-38f9d35ea60f.png,keep,anh
vi,/DataCentric/data/train/vi/aae36b06-ce5d-11eb-b317-38f9d35ea60f.png,keep,anh
vii,/DataCentric/data/train/vii/ac8da4a8-ce5d-11eb-b317-38f9d35ea60f.png,keep,anh
x,/DataCentric/data/train/x/b014bee0-ce5d-11eb-b317-38f9d35ea60f.png,keep,anh
iii,/DataCentric/data/train/iii/b04c684a-ce5d-11eb-b317-38f9d35ea60f.png,keep,anh
iii,/DataCentric/data/train/iii/b0f36136-ce5d-11eb-b317-38f9d35ea60f.png,keep,anh
iv,/DataCentric/data/train/iv/ae862a32-ce5d-11eb-b317-38f9d35ea60f.png,keep,anh
ii,/DataCentric/data/train/ii/ab5540a0-ce5d-11eb-b317-38f9d35ea60f.png,keep,anh
iii,/DataCentric/data/train/iii/b0d910ce-ce5d-11eb-b317-38f9d35ea60f.png,keep,anh
iv,/DataCentric/data/train/iv/adea2e0c-ce5d-11eb-b317-38f9d35ea60f.png,keep,anh
ii,/DataCentric/data/train/ii/ab34fba6-ce5d-11eb-b317-38f9d35ea60f.png,keep,anh
vii,/DataCentric/data/train/vii/ac851860-ce5d-11eb-b317-38f9d35ea60f.png,keep,anh
i,/DataCentric/data/train/i/ac5294c6-ce5d-11eb-b317-38f9d35ea60f.png,keep,anh
ix,/DataCentric/data/train/ix/aedf763c-ce5d-11eb-b317-38f9d35ea60f.png,keep,anh
iv,/DataCentric/data/train/iv/ae340388-ce5d-11eb-b317-38f9d35ea60f.png,keep,anh
iv,/DataCentric/data/train/iv/ae3244c6-ce5d-11eb-b317-38f9d35ea60f.png,keep,anh
iii,/DataCentric/data/train/iii/b0a13faa-ce5d-11eb-b317-38f9d35ea60f.png,keep,anh
iii,/DataCentric/data/train/iii/b0514310-ce5d-11eb-b317-38f9d35ea60f.png,keep,anh
i,/DataCentric/data/train/i/aba96072-ce5d-11eb-b317-38f9d35ea60f.png,keep,anh
vii,/DataCentric/data/train/vii/acdcf062-ce5d-11eb-b317-38f9d35ea60f.png,keep,anh
i,/DataCentric/data/train/i/ac013f7c-ce5d-11eb-b317-38f9d35ea60f.png,keep,anh
ix,/DataCentric/data/train/ix/ae9508d6-ce5d-11eb-b317-38f9d35ea60f.png,keep,anh
ix,/DataCentric/data/train/ix/af058688-ce5d-11eb-b317-38f9d35ea60f.png,keep,anh
vi,/DataCentric/data/train/vi/aaff533e-ce5d-11eb-b317-38f9d35ea60f.png,keep,anh
i,/DataCentric/data/train/i/abfb5f30-ce5d-11eb-b317-38f9d35ea60f.png,keep,anh
iii,/DataCentric/data/train/iii/b076f178-ce5d-11eb-b317-38f9d35ea60f.png,keep,anh
viii,/DataCentric/data/train/viii/adc0385e-ce5d-11eb-b317-38f9d35ea60f.png,keep,anh
i,/DataCentric/data/train/i/ac02165e-ce5d-11eb-b317-38f9d35ea60f.png,keep,anh
iv,/DataCentric/data/train/iv/ae46851c-ce5d-11eb-b317-38f9d35ea60f.png,keep,anh
vi,/DataCentric/data/train/vi/ab112802-ce5d-11eb-b317-38f9d35ea60f.png,keep,anh
i,/DataCentric/data/train/i/abadf178-ce5d-11eb-b317-38f9d35ea60f.png,keep,anh
iii,/DataCentric/data/train/iii/b02c8e94-ce5d-11eb-b317-38f9d35ea60f.png,keep,anh
viii,/DataCentric/data/train/viii/ad7613f0-ce5d-11eb-b317-38f9d35ea60f.png,keep,anh
v,/DataCentric/data/train/v/af5fb19e-ce5d-11eb-b317-38f9d35ea60f.png,keep,anh
ix,/DataCentric/data/train/ix/aea4a3c2-ce5d-11eb-b317-38f9d35ea60f.png,keep,anh
viii,/DataCentric/data/train/viii/ad7040e2-ce5d-11eb-b317-38f9d35ea60f.png,keep,anh
iv,/DataCentric/data/train/iv/ae0c7c14-ce5d-11eb-b317-38f9d35ea60f.png,keep,anh
iii,/DataCentric/data/train/iii/b0f00afe-ce5d-11eb-b317-38f9d35ea60f.png,keep,anh
ii,/DataCentric/data/train/ii/ab419208-ce5d-11eb-b317-38f9d35ea60f.png,keep,anh
iv,/DataCentric/data/train/iv/ae03be6c-ce5d-11eb-b317-38f9d35ea60f.png,keep,anh
v,/DataCentric/data/train/v/af88d308-ce5d-11eb-b317-38f9d35ea60f.png,keep,anh
v,/DataCentric/data/train/v/af538e46-ce5d-11eb-b317-38f9d35ea60f.png,keep,anh
i,/DataCentric/data/train/i/ac3e7324-ce5d-11eb-b317-38f9d35ea60f.png,keep,anh
i,/DataCentric/data/train/i/abc218ec-ce5d-11eb-b317-38f9d35ea60f.png,keep,anh
v,/DataCentric/data/train/v/af24983e-ce5d-11eb-b317-38f9d35ea60f.png,keep,anh
ix,/DataCentric/data/train/ix/aea2ff9a-ce5d-11eb-b317-38f9d35ea60f.png,keep,anh
ix,/DataCentric/data/train/ix/aeb95d6c-ce5d-11eb-b317-38f9d35ea60f.png,keep,anh
iii,/DataCentric/data/train/iii/b031f6c2-ce5d-11eb-b317-38f9d35ea60f.png,keep,anh
ix,/DataCentric/data/train/ix/aedfe8ec-ce5d-11eb-b317-38f9d35ea60f.png,keep,anh
ii,/DataCentric/data/train/ii/ab36a348-ce5d-11eb-b317-38f9d35ea60f.png,keep,anh
i,/DataCentric/data/train/i/ac3396a2-ce5d-11eb-b317-38f9d35ea60f.png,keep,anh
viii,/DataCentric/data/train/viii/ada1932c-ce5d-11eb-b317-38f9d35ea60f.png,keep,anh
i,/DataCentric/data/train/i/abf2ccbc-ce5d-11eb-b317-38f9d35ea60f.png,keep,anh
v,/DataCentric/data/train/v/af6f46d6-ce5d-11eb-b317-38f9d35ea60f.png,keep,anh
iii,/DataCentric/data/train/iii/b0ece57c-ce5d-11eb-b317-38f9d35ea60f.png,keep,anh
x,/DataCentric/data/train/x/b0223660-ce5d-11eb-b317-38f9d35ea60f.png,keep,anh
x,/DataCentric/data/train/x/afdbca54-ce5d-11eb-b317-38f9d35ea60f.png,keep,anh
i,/DataCentric/data/train/i/ac2a6258-ce5d-11eb-b317-38f9d35ea60f.png,keep,anh
ix,/DataCentric/data/train/ix/aec31726-ce5d-11eb-b317-38f9d35ea60f.png,keep,anh
v,/DataCentric/data/train/v/af596244-ce5d-11eb-b317-38f9d35ea60f.png,keep,anh
vii,/DataCentric/data/train/vii/ac9c3e3c-ce5d-11eb-b317-38f9d35ea60f.png,keep,anh
v,/DataCentric/data/train/v/af45a308-ce5d-11eb-b317-38f9d35ea60f.png,keep,anh
iv,/DataCentric/data/train/iv/ae57f784-ce5d-11eb-b317-38f9d35ea60f.png,keep,anh
v,/DataCentric/data/train/v/af261240-ce5d-11eb-b317-38f9d35ea60f.png,keep,anh
vii,/DataCentric/data/train/vii/aceb0274-ce5d-11eb-b317-38f9d35ea60f.png,keep,anh
ix,/DataCentric/data/train/ix/af0087a0-ce5d-11eb-b317-38f9d35ea60f.png,keep,anh
iv,/DataCentric/data/train/iv/adfad892-ce5d-11eb-b317-38f9d35ea60f.png,keep,anh
vii,/DataCentric/data/train/vii/acd32f6e-ce5d-11eb-b317-38f9d35ea60f.png,keep,anh
ii,/DataCentric/data/train/ii/ab9df6ce-ce5d-11eb-b317-38f9d35ea60f.png,keep,anh
i,/DataCentric/data/train/i/ab9fb784-ce5d-11eb-b317-38f9d35ea60f.png,keep,anh
ix,/DataCentric/data/train/ix/aeeafd04-ce5d-11eb-b317-38f9d35ea60f.png,keep,anh
vii,/DataCentric/data/train/vii/acbedc08-ce5d-11eb-b317-38f9d35ea60f.png,keep,anh
viii,/DataCentric/data/train/viii/ad20460a-ce5d-11eb-b317-38f9d35ea60f.png,keep,anh
vii,/DataCentric/data/train/vii/ac7b0ed8-ce5d-11eb-b317-38f9d35ea60f.png,keep,anh
ix,/DataCentric/data/train/ix/af0db038-ce5d-11eb-b317-38f9d35ea60f.png,keep,anh
viii,/DataCentric/data/train/viii/ad3d2d42-ce5d-11eb-b317-38f9d35ea60f.png,keep,anh
iii,/DataCentric/data/train/iii/b0e8a05c-ce5d-11eb-b317-38f9d35ea60f.png,keep,anh
iii,/DataCentric/data/train/iii/b0461e04-ce5d-11eb-b317-38f9d35ea60f.png,keep,anh
i,/DataCentric/data/train/i/abf7a8e0-ce5d-11eb-b317-38f9d35ea60f.png,keep,anh
v,/DataCentric/data/train/v/af419a4c-ce5d-11eb-b317-38f9d35ea60f.png,keep,anh
vi,/DataCentric/data/train/vi/aac4401e-ce5d-11eb-b317-38f9d35ea60f.png,keep,anh
vi,/DataCentric/data/train/vi/aab97aa8-ce5d-11eb-b317-38f9d35ea60f.png,keep,anh
iii,/DataCentric/data/train/iii/b0479f90-ce5d-11eb-b317-38f9d35ea60f.png,keep,anh
iv,/DataCentric/data/train/iv/ae51fcd0-ce5d-11eb-b317-38f9d35ea60f.png,keep,anh
vii,/DataCentric/data/train/vii/acccbc42-ce5d-11eb-b317-38f9d35ea60f.png,keep,anh
viii,/DataCentric/data/train/viii/adc87d34-ce5d-11eb-b317-38f9d35ea60f.png,keep,anh
viii,/DataCentric/data/train/viii/ad7eb136-ce5d-11eb-b317-38f9d35ea60f.png,keep,anh
iv,/DataCentric/data/train/iv/ae7b6688-ce5d-11eb-b317-38f9d35ea60f.png,keep,anh
vii,/DataCentric/data/train/vii/acbd5cf2-ce5d-11eb-b317-38f9d35ea60f.png,keep,anh
iii,/DataCentric/data/train/iii/b097922a-ce5d-11eb-b317-38f9d35ea60f.png,keep,anh
iii,/DataCentric/data/train/iii/b053b2c6-ce5d-11eb-b317-38f9d35ea60f.png,keep,anh
iv,/DataCentric/data/train/iv/ae07e118-ce5d-11eb-b317-38f9d35ea60f.png,keep,anh
