label,path,type,checker
vii,/DataCentric/data/train/vii/accbfcf8-ce5d-11eb-b317-38f9d35ea60f.png,keep,duong
ix,/DataCentric/data/train/ix/aecde980-ce5d-11eb-b317-38f9d35ea60f.png,keep,duong
iv,/DataCentric/data/train/iv/adffa656-ce5d-11eb-b317-38f9d35ea60f.png,keep,duong
ix,/DataCentric/data/train/ix/ae992d4e-ce5d-11eb-b317-38f9d35ea60f.png,keep,duong
iv,/DataCentric/data/train/iv/ade63e96-ce5d-11eb-b317-38f9d35ea60f.png,keep,duong
viii,/DataCentric/data/train/viii/ad6977b2-ce5d-11eb-b317-38f9d35ea60f.png,keep,duong
i,/DataCentric/data/train/i/abffce94-ce5d-11eb-b317-38f9d35ea60f.png,keep,duong
ii,/DataCentric/data/train/ii/ab6d0f14-ce5d-11eb-b317-38f9d35ea60f.png,keep,duong
v,/DataCentric/data/train/v/af49be20-ce5d-11eb-b317-38f9d35ea60f.png,keep,duong
i,/DataCentric/data/train/i/ac5fb084-ce5d-11eb-b317-38f9d35ea60f.png,keep,duong
iv,/DataCentric/data/train/iv/ae4940a4-ce5d-11eb-b317-38f9d35ea60f.png,keep,duong
viii,/DataCentric/data/train/viii/adc5102c-ce5d-11eb-b317-38f9d35ea60f.png,keep,duong
vi,/DataCentric/data/train/vi/aaef3fd0-ce5d-11eb-b317-38f9d35ea60f.png,keep,duong
ii,/DataCentric/data/train/ii/ab3eed3c-ce5d-11eb-b317-38f9d35ea60f.png,keep,duong
iv,/DataCentric/data/train/iv/ae3daffa-ce5d-11eb-b317-38f9d35ea60f.png,keep,duong
v,/DataCentric/data/train/v/af7b0264-ce5d-11eb-b317-38f9d35ea60f.png,keep,duong
ix,/DataCentric/data/train/ix/aee407d8-ce5d-11eb-b317-38f9d35ea60f.png,keep,duong
ix,/DataCentric/data/train/ix/ae92e2b8-ce5d-11eb-b317-38f9d35ea60f.png,keep,duong
iii,/DataCentric/data/train/iii/b0ee2c84-ce5d-11eb-b317-38f9d35ea60f.png,keep,duong
ii,/DataCentric/data/train/ii/ab6c883c-ce5d-11eb-b317-38f9d35ea60f.png,keep,duong
vi,/DataCentric/data/train/vi/aae6a7bc-ce5d-11eb-b317-38f9d35ea60f.png,keep,duong
iv,/DataCentric/data/train/iv/ae0cff7c-ce5d-11eb-b317-38f9d35ea60f.png,keep,duong
v,/DataCentric/data/train/v/af52e734-ce5d-11eb-b317-38f9d35ea60f.png,keep,duong
iv,/DataCentric/data/train/iv/ae5f199c-ce5d-11eb-b317-38f9d35ea60f.png,keep,duong
iv,/DataCentric/data/train/iv/ae67fc06-ce5d-11eb-b317-38f9d35ea60f.png,keep,duong
ix,/DataCentric/data/train/ix/aed9fd10-ce5d-11eb-b317-38f9d35ea60f.png,keep,duong
iv,/DataCentric/data/train/iv/ade7471e-ce5d-11eb-b317-38f9d35ea60f.png,keep,duong
i,/DataCentric/data/train/i/ac45eb36-ce5d-11eb-b317-38f9d35ea60f.png,keep,duong
vii,/DataCentric/data/train/vii/ad014980-ce5d-11eb-b317-38f9d35ea60f.png,keep,duong
v,/DataCentric/data/train/v/af6eb9c8-ce5d-11eb-b317-38f9d35ea60f.png,keep,duong
vi,/DataCentric/data/train/vi/aab5e35c-ce5d-11eb-b317-38f9d35ea60f.png,keep,duong
viii,/DataCentric/data/train/viii/adc7c952-ce5d-11eb-b317-38f9d35ea60f.png,keep,duong
x,/DataCentric/data/train/x/afef4f98-ce5d-11eb-b317-38f9d35ea60f.png,keep,duong
vi,/DataCentric/data/train/vi/aaf5fa78-ce5d-11eb-b317-38f9d35ea60f.png,keep,duong
x,/DataCentric/data/train/x/afc4ea3c-ce5d-11eb-b317-38f9d35ea60f.png,keep,duong
ix,/DataCentric/data/train/ix/aecc1b78-ce5d-11eb-b317-38f9d35ea60f.png,keep,duong
viii,/DataCentric/data/train/viii/ad4b843c-ce5d-11eb-b317-38f9d35ea60f.png,keep,duong
vi,/DataCentric/data/train/vi/ab1bd798-ce5d-11eb-b317-38f9d35ea60f.png,keep,duong
iv,/DataCentric/data/train/iv/ae601644-ce5d-11eb-b317-38f9d35ea60f.png,keep,duong
iv,/DataCentric/data/train/iv/ae1f07ee-ce5d-11eb-b317-38f9d35ea60f.png,keep,duong
iv,/DataCentric/data/train/iv/ae3cdf4e-ce5d-11eb-b317-38f9d35ea60f.png,keep,duong
vii,/DataCentric/data/train/vii/ac76dc1e-ce5d-11eb-b317-38f9d35ea60f.png,keep,duong
v,/DataCentric/data/train/v/af1e5bae-ce5d-11eb-b317-38f9d35ea60f.png,keep,duong
ii,/DataCentric/data/train/ii/ab4a2f58-ce5d-11eb-b317-38f9d35ea60f.png,keep,duong
ix,/DataCentric/data/train/ix/ae9abc2c-ce5d-11eb-b317-38f9d35ea60f.png,keep,duong
viii,/DataCentric/data/train/viii/ad4e1918-ce5d-11eb-b317-38f9d35ea60f.png,keep,duong
x,/DataCentric/data/train/x/afe179fe-ce5d-11eb-b317-38f9d35ea60f.png,keep,duong
vii,/DataCentric/data/train/vii/acb887cc-ce5d-11eb-b317-38f9d35ea60f.png,keep,duong
vi,/DataCentric/data/train/vi/aae0f998-ce5d-11eb-b317-38f9d35ea60f.png,keep,duong
x,/DataCentric/data/train/x/aff36812-ce5d-11eb-b317-38f9d35ea60f.png,keep,duong
ix,/DataCentric/data/train/ix/aeb8dd7e-ce5d-11eb-b317-38f9d35ea60f.png,keep,duong
vii,/DataCentric/data/train/vii/acd55582-ce5d-11eb-b317-38f9d35ea60f.png,keep,duong
iii,/DataCentric/data/train/iii/b031599c-ce5d-11eb-b317-38f9d35ea60f.png,keep,duong
ix,/DataCentric/data/train/ix/aeccba56-ce5d-11eb-b317-38f9d35ea60f.png,keep,duong
iv,/DataCentric/data/train/iv/ae431af8-ce5d-11eb-b317-38f9d35ea60f.png,keep,duong
viii,/DataCentric/data/train/viii/ad85aae0-ce5d-11eb-b317-38f9d35ea60f.png,keep,duong
vi,/DataCentric/data/train/vi/ab09b11c-ce5d-11eb-b317-38f9d35ea60f.png,keep,duong
vii,/DataCentric/data/train/vii/ace9a0b4-ce5d-11eb-b317-38f9d35ea60f.png,keep,duong
viii,/DataCentric/data/train/viii/ad1b3214-ce5d-11eb-b317-38f9d35ea60f.png,keep,duong
ix,/DataCentric/data/train/ix/ae9596d4-ce5d-11eb-b317-38f9d35ea60f.png,keep,duong
vii,/DataCentric/data/train/vii/ad02664e-ce5d-11eb-b317-38f9d35ea60f.png,keep,duong
iii,/DataCentric/data/train/iii/b09e2f2c-ce5d-11eb-b317-38f9d35ea60f.png,keep,duong
vi,/DataCentric/data/train/vi/aabd4cb4-ce5d-11eb-b317-38f9d35ea60f.png,keep,duong
i,/DataCentric/data/train/i/aba4001e-ce5d-11eb-b317-38f9d35ea60f.png,keep,duong
ix,/DataCentric/data/train/ix/aef0831e-ce5d-11eb-b317-38f9d35ea60f.png,keep,duong
ix,/DataCentric/data/train/ix/aecf5a22-ce5d-11eb-b317-38f9d35ea60f.png,keep,duong
vi,/DataCentric/data/train/vi/ab123cd8-ce5d-11eb-b317-38f9d35ea60f.png,keep,duong
x,/DataCentric/data/train/x/b00f3c7c-ce5d-11eb-b317-38f9d35ea60f.png,keep,duong
iii,/DataCentric/data/train/iii/b0aa2e58-ce5d-11eb-b317-38f9d35ea60f.png,keep,duong
v,/DataCentric/data/train/v/af541cc6-ce5d-11eb-b317-38f9d35ea60f.png,keep,duong
ii,/DataCentric/data/train/ii/ab2cceae-ce5d-11eb-b317-38f9d35ea60f.png,keep,duong
x,/DataCentric/data/train/x/af9f8544-ce5d-11eb-b317-38f9d35ea60f.png,keep,duong
iv,/DataCentric/data/train/iv/ae56b964-ce5d-11eb-b317-38f9d35ea60f.png,keep,duong
v,/DataCentric/data/train/v/af7bb060-ce5d-11eb-b317-38f9d35ea60f.png,keep,duong
i,/DataCentric/data/train/i/abc5a782-ce5d-11eb-b317-38f9d35ea60f.png,keep,duong
viii,/DataCentric/data/train/viii/ad471abe-ce5d-11eb-b317-38f9d35ea60f.png,keep,duong
ix,/DataCentric/data/train/ix/aeb6b26a-ce5d-11eb-b317-38f9d35ea60f.png,keep,duong
i,/DataCentric/data/train/i/ac3c9504-ce5d-11eb-b317-38f9d35ea60f.png,keep,duong
x,/DataCentric/data/train/x/b00177cc-ce5d-11eb-b317-38f9d35ea60f.png,keep,duong
ix,/DataCentric/data/train/ix/ae9b4732-ce5d-11eb-b317-38f9d35ea60f.png,keep,duong
vi,/DataCentric/data/train/vi/aad0936e-ce5d-11eb-b317-38f9d35ea60f.png,keep,duong
v,/DataCentric/data/train/v/af2524e8-ce5d-11eb-b317-38f9d35ea60f.png,keep,duong
iii,/DataCentric/data/train/iii/b0ed88f6-ce5d-11eb-b317-38f9d35ea60f.png,keep,duong
viii,/DataCentric/data/train/viii/adb5c4f0-ce5d-11eb-b317-38f9d35ea60f.png,keep,duong
x,/DataCentric/data/train/x/b0083ec2-ce5d-11eb-b317-38f9d35ea60f.png,keep,duong
viii,/DataCentric/data/train/viii/ad98e2cc-ce5d-11eb-b317-38f9d35ea60f.png,keep,duong
ix,/DataCentric/data/train/ix/aee5e71a-ce5d-11eb-b317-38f9d35ea60f.png,keep,duong
iv,/DataCentric/data/train/iv/ae348010-ce5d-11eb-b317-38f9d35ea60f.png,keep,duong
v,/DataCentric/data/train/v/af3b9a20-ce5d-11eb-b317-38f9d35ea60f.png,keep,duong
iv,/DataCentric/data/train/iv/ae2a6b52-ce5d-11eb-b317-38f9d35ea60f.png,keep,duong
viii,/DataCentric/data/train/viii/ad248828-ce5d-11eb-b317-38f9d35ea60f.png,keep,duong
ii,/DataCentric/data/train/ii/ab3e6592-ce5d-11eb-b317-38f9d35ea60f.png,keep,duong
v,/DataCentric/data/train/v/af2e31b4-ce5d-11eb-b317-38f9d35ea60f.png,keep,duong
ii,/DataCentric/data/train/ii/ab33b214-ce5d-11eb-b317-38f9d35ea60f.png,keep,duong
vii,/DataCentric/data/train/vii/ac9a1b20-ce5d-11eb-b317-38f9d35ea60f.png,keep,duong
iv,/DataCentric/data/train/iv/ae8746e2-ce5d-11eb-b317-38f9d35ea60f.png,keep,duong
v,/DataCentric/data/train/v/af6b0f8a-ce5d-11eb-b317-38f9d35ea60f.png,keep,duong
ix,/DataCentric/data/train/ix/aec8178a-ce5d-11eb-b317-38f9d35ea60f.png,keep,duong
iv,/DataCentric/data/train/iv/ae18730c-ce5d-11eb-b317-38f9d35ea60f.png,keep,duong
iii,/DataCentric/data/train/iii/b02e16c4-ce5d-11eb-b317-38f9d35ea60f.png,keep,duong
iv,/DataCentric/data/train/iv/ae1d61fa-ce5d-11eb-b317-38f9d35ea60f.png,keep,duong
v,/DataCentric/data/train/v/af18ee4e-ce5d-11eb-b317-38f9d35ea60f.png,keep,duong
vi,/DataCentric/data/train/vi/ab25e706-ce5d-11eb-b317-38f9d35ea60f.png,keep,duong
vii,/DataCentric/data/train/vii/ac8638f8-ce5d-11eb-b317-38f9d35ea60f.png,keep,duong
vii,/DataCentric/data/train/vii/acfafbe8-ce5d-11eb-b317-38f9d35ea60f.png,keep,duong
vii,/DataCentric/data/train/vii/ac7bcbca-ce5d-11eb-b317-38f9d35ea60f.png,keep,duong
ix,/DataCentric/data/train/ix/aecac3ae-ce5d-11eb-b317-38f9d35ea60f.png,keep,duong
x,/DataCentric/data/train/x/b010657a-ce5d-11eb-b317-38f9d35ea60f.png,keep,duong
iv,/DataCentric/data/train/iv/ae76ecde-ce5d-11eb-b317-38f9d35ea60f.png,keep,duong
ii,/DataCentric/data/train/ii/ab70a7be-ce5d-11eb-b317-38f9d35ea60f.png,keep,duong
v,/DataCentric/data/train/v/af7ce55c-ce5d-11eb-b317-38f9d35ea60f.png,keep,duong
iii,/DataCentric/data/train/iii/b0f2b4a2-ce5d-11eb-b317-38f9d35ea60f.png,keep,duong
i,/DataCentric/data/train/i/abaae12c-ce5d-11eb-b317-38f9d35ea60f.png,keep,duong
i,/DataCentric/data/train/i/abf3475a-ce5d-11eb-b317-38f9d35ea60f.png,keep,duong
iv,/DataCentric/data/train/iv/ae80d1ae-ce5d-11eb-b317-38f9d35ea60f.png,keep,duong
i,/DataCentric/data/train/i/abc07384-ce5d-11eb-b317-38f9d35ea60f.png,keep,duong
iii,/DataCentric/data/train/iii/b04b543c-ce5d-11eb-b317-38f9d35ea60f.png,keep,duong
vi,/DataCentric/data/train/vi/aacfb7f0-ce5d-11eb-b317-38f9d35ea60f.png,keep,duong
vi,/DataCentric/data/train/vi/aad94040-ce5d-11eb-b317-38f9d35ea60f.png,keep,duong
v,/DataCentric/data/train/v/af95b456-ce5d-11eb-b317-38f9d35ea60f.png,keep,duong
ix,/DataCentric/data/train/ix/aebe0916-ce5d-11eb-b317-38f9d35ea60f.png,keep,duong
viii,/DataCentric/data/train/viii/ad802e58-ce5d-11eb-b317-38f9d35ea60f.png,keep,duong
vii,/DataCentric/data/train/vii/accb2350-ce5d-11eb-b317-38f9d35ea60f.png,keep,duong
ix,/DataCentric/data/train/ix/aed64774-ce5d-11eb-b317-38f9d35ea60f.png,keep,duong
ix,/DataCentric/data/train/ix/aeaa6ab4-ce5d-11eb-b317-38f9d35ea60f.png,keep,duong
iv,/DataCentric/data/train/iv/ae64e94e-ce5d-11eb-b317-38f9d35ea60f.png,keep,duong
i,/DataCentric/data/train/i/ac0b5214-ce5d-11eb-b317-38f9d35ea60f.png,keep,duong
ix,/DataCentric/data/train/ix/ae9cb2b6-ce5d-11eb-b317-38f9d35ea60f.png,keep,duong
x,/DataCentric/data/train/x/afa515f4-ce5d-11eb-b317-38f9d35ea60f.png,keep,duong
iii,/DataCentric/data/train/iii/b0d24d20-ce5d-11eb-b317-38f9d35ea60f.png,keep,duong
i,/DataCentric/data/train/i/aba24486-ce5d-11eb-b317-38f9d35ea60f.png,keep,duong
viii,/DataCentric/data/train/viii/adbecd7a-ce5d-11eb-b317-38f9d35ea60f.png,keep,duong
viii,/DataCentric/data/train/viii/ada3dc5e-ce5d-11eb-b317-38f9d35ea60f.png,keep,duong
vii,/DataCentric/data/train/vii/acf4d02e-ce5d-11eb-b317-38f9d35ea60f.png,keep,duong
i,/DataCentric/data/train/i/abeb4fd2-ce5d-11eb-b317-38f9d35ea60f.png,keep,duong
vi,/DataCentric/data/train/vi/aae5626c-ce5d-11eb-b317-38f9d35ea60f.png,keep,duong
vii,/DataCentric/data/train/vii/ac74c53c-ce5d-11eb-b317-38f9d35ea60f.png,keep,duong
ii,/DataCentric/data/train/ii/ab88f44a-ce5d-11eb-b317-38f9d35ea60f.png,keep,duong
vi,/DataCentric/data/train/vi/ab1ff1d4-ce5d-11eb-b317-38f9d35ea60f.png,keep,duong
iv,/DataCentric/data/train/iv/adf770c6-ce5d-11eb-b317-38f9d35ea60f.png,keep,duong
iv,/DataCentric/data/train/iv/ae358834-ce5d-11eb-b317-38f9d35ea60f.png,keep,duong
viii,/DataCentric/data/train/viii/adb1508c-ce5d-11eb-b317-38f9d35ea60f.png,keep,duong
i,/DataCentric/data/train/i/ac367660-ce5d-11eb-b317-38f9d35ea60f.png,keep,duong
iv,/DataCentric/data/train/iv/ae6bfc70-ce5d-11eb-b317-38f9d35ea60f.png,keep,duong
viii,/DataCentric/data/train/viii/ad1ef8d6-ce5d-11eb-b317-38f9d35ea60f.png,keep,duong
ii,/DataCentric/data/train/ii/ab628206-ce5d-11eb-b317-38f9d35ea60f.png,keep,duong
iii,/DataCentric/data/train/iii/b0dda44a-ce5d-11eb-b317-38f9d35ea60f.png,keep,duong
vii,/DataCentric/data/train/vii/ac75ce82-ce5d-11eb-b317-38f9d35ea60f.png,keep,duong
ix,/DataCentric/data/train/ix/aef30de6-ce5d-11eb-b317-38f9d35ea60f.png,keep,duong
iii,/DataCentric/data/train/iii/b0d429b0-ce5d-11eb-b317-38f9d35ea60f.png,keep,duong
vii,/DataCentric/data/train/vii/ac92a520-ce5d-11eb-b317-38f9d35ea60f.png,keep,duong
ix,/DataCentric/data/train/ix/aeecd138-ce5d-11eb-b317-38f9d35ea60f.png,keep,duong
v,/DataCentric/data/train/v/af2b7636-ce5d-11eb-b317-38f9d35ea60f.png,keep,duong
viii,/DataCentric/data/train/viii/adca693c-ce5d-11eb-b317-38f9d35ea60f.png,keep,duong
viii,/DataCentric/data/train/viii/ad42a984-ce5d-11eb-b317-38f9d35ea60f.png,keep,duong
vii,/DataCentric/data/train/vii/ac71708a-ce5d-11eb-b317-38f9d35ea60f.png,keep,duong
i,/DataCentric/data/train/i/ac1b916a-ce5d-11eb-b317-38f9d35ea60f.png,keep,duong
iv,/DataCentric/data/train/iv/ae213366-ce5d-11eb-b317-38f9d35ea60f.png,keep,duong
viii,/DataCentric/data/train/viii/ad06c48c-ce5d-11eb-b317-38f9d35ea60f.png,keep,duong
iv,/DataCentric/data/train/iv/ae6f8f5c-ce5d-11eb-b317-38f9d35ea60f.png,keep,duong
iii,/DataCentric/data/train/iii/b07095d0-ce5d-11eb-b317-38f9d35ea60f.png,keep,duong
iv,/DataCentric/data/train/iv/ae3e8740-ce5d-11eb-b317-38f9d35ea60f.png,keep,duong
i,/DataCentric/data/train/i/ac34358a-ce5d-11eb-b317-38f9d35ea60f.png,keep,duong
iv,/DataCentric/data/train/iv/adf2251c-ce5d-11eb-b317-38f9d35ea60f.png,keep,duong
iv,/DataCentric/data/train/iv/ae043d1a-ce5d-11eb-b317-38f9d35ea60f.png,keep,duong
ix,/DataCentric/data/train/ix/aeab04ce-ce5d-11eb-b317-38f9d35ea60f.png,keep,duong
iv,/DataCentric/data/train/iv/ade9432a-ce5d-11eb-b317-38f9d35ea60f.png,keep,duong
v,/DataCentric/data/train/v/af43e112-ce5d-11eb-b317-38f9d35ea60f.png,keep,duong
iii,/DataCentric/data/train/iii/b0da6654-ce5d-11eb-b317-38f9d35ea60f.png,keep,duong
vii,/DataCentric/data/train/vii/ace5151c-ce5d-11eb-b317-38f9d35ea60f.png,keep,duong
iv,/DataCentric/data/train/iv/ae202fca-ce5d-11eb-b317-38f9d35ea60f.png,keep,duong
iv,/DataCentric/data/train/iv/ae87efca-ce5d-11eb-b317-38f9d35ea60f.png,keep,duong
x,/DataCentric/data/train/x/b01cd51c-ce5d-11eb-b317-38f9d35ea60f.png,keep,duong
v,/DataCentric/data/train/v/af80677c-ce5d-11eb-b317-38f9d35ea60f.png,keep,duong
i,/DataCentric/data/train/i/ac610844-ce5d-11eb-b317-38f9d35ea60f.png,keep,duong
vi,/DataCentric/data/train/vi/aabbb6b0-ce5d-11eb-b317-38f9d35ea60f.png,keep,duong
viii,/DataCentric/data/train/viii/ad10efac-ce5d-11eb-b317-38f9d35ea60f.png,keep,duong
ii,/DataCentric/data/train/ii/ab3f6550-ce5d-11eb-b317-38f9d35ea60f.png,keep,duong
ii,/DataCentric/data/train/ii/ab8a9aac-ce5d-11eb-b317-38f9d35ea60f.png,keep,duong
iv,/DataCentric/data/train/iv/ae1251f2-ce5d-11eb-b317-38f9d35ea60f.png,keep,duong
iv,/DataCentric/data/train/iv/ae5d44b4-ce5d-11eb-b317-38f9d35ea60f.png,keep,duong
ii,/DataCentric/data/train/ii/ab77bb3a-ce5d-11eb-b317-38f9d35ea60f.png,keep,duong
i,/DataCentric/data/train/i/ac2d07a6-ce5d-11eb-b317-38f9d35ea60f.png,keep,duong
ii,/DataCentric/data/train/ii/ab4c396a-ce5d-11eb-b317-38f9d35ea60f.png,keep,duong
i,/DataCentric/data/train/i/ac2c3790-ce5d-11eb-b317-38f9d35ea60f.png,keep,duong
v,/DataCentric/data/train/v/af621452-ce5d-11eb-b317-38f9d35ea60f.png,keep,duong
iv,/DataCentric/data/train/iv/ae276cea-ce5d-11eb-b317-38f9d35ea60f.png,keep,duong
iv,/DataCentric/data/train/iv/ae78a164-ce5d-11eb-b317-38f9d35ea60f.png,keep,duong
vi,/DataCentric/data/train/vi/aae18c50-ce5d-11eb-b317-38f9d35ea60f.png,keep,duong
iv,/DataCentric/data/train/iv/ae83d41c-ce5d-11eb-b317-38f9d35ea60f.png,keep,duong
vi,/DataCentric/data/train/vi/aac55d5a-ce5d-11eb-b317-38f9d35ea60f.png,keep,duong
ix,/DataCentric/data/train/ix/aee0a3f4-ce5d-11eb-b317-38f9d35ea60f.png,keep,duong
vii,/DataCentric/data/train/vii/acea63d2-ce5d-11eb-b317-38f9d35ea60f.png,keep,duong
viii,/DataCentric/data/train/viii/ad4c39ae-ce5d-11eb-b317-38f9d35ea60f.png,keep,duong
v,/DataCentric/data/train/v/af97200c-ce5d-11eb-b317-38f9d35ea60f.png,keep,duong
iv,/DataCentric/data/train/iv/ae792152-ce5d-11eb-b317-38f9d35ea60f.png,keep,duong
iv,/DataCentric/data/train/iv/ae3f06ac-ce5d-11eb-b317-38f9d35ea60f.png,keep,duong
i,/DataCentric/data/train/i/ac116d48-ce5d-11eb-b317-38f9d35ea60f.png,keep,duong
iv,/DataCentric/data/train/iv/addc72d0-ce5d-11eb-b317-38f9d35ea60f.png,keep,duong
x,/DataCentric/data/train/x/afe23844-ce5d-11eb-b317-38f9d35ea60f.png,keep,duong
