label,path,type,checker
ix,/DataCentric/data/train/iv/ae0745aa-ce5d-11eb-b317-38f9d35ea60f.png,relabel,anh
v,/DataCentric/data/train/x/af9e6b64-ce5d-11eb-b317-38f9d35ea60f.png,relabel,anh
ii,/DataCentric/data/train/iv/ae09c974-ce5d-11eb-b317-38f9d35ea60f.png,relabel,anh
ii,/DataCentric/data/train/viii/ad9a139a-ce5d-11eb-b317-38f9d35ea60f.png,relabel,anh
x,/DataCentric/data/train/iv/addb9af4-ce5d-11eb-b317-38f9d35ea60f.png,relabel,anh
v,/DataCentric/data/train/i/ac156ed4-ce5d-11eb-b317-38f9d35ea60f.png,relabel,anh
iii,/DataCentric/data/train/vi/ab08c6b2-ce5d-11eb-b317-38f9d35ea60f.png,relabel,anh
xi,/DataCentric/data/train/i/abb7ae02-ce5d-11eb-b317-38f9d35ea60f.png,relabel,anh
x,/DataCentric/data/train/x/afebbdf6-ce5d-11eb-b317-38f9d35ea60f.png,relabel,anh
ii,/DataCentric/data/train/ix/aebfc8d2-ce5d-11eb-b317-38f9d35ea60f.png,relabel,anh
x,/DataCentric/data/train/i/ac389e68-ce5d-11eb-b317-38f9d35ea60f.png,relabel,anh
ii,/DataCentric/data/train/ix/aeafc504-ce5d-11eb-b317-38f9d35ea60f.png,relabel,anh
vi,/DataCentric/data/train/i/ac315d6a-ce5d-11eb-b317-38f9d35ea60f.png,relabel,anh
ii,/DataCentric/data/train/iv/ae7e4d58-ce5d-11eb-b317-38f9d35ea60f.png,relabel,anh
v,/DataCentric/data/train/x/af9a0876-ce5d-11eb-b317-38f9d35ea60f.png,relabel,anh
v,/DataCentric/data/train/ii/ab8252d4-ce5d-11eb-b317-38f9d35ea60f.png,relabel,anh
x,/DataCentric/data/train/ix/aef82754-ce5d-11eb-b317-38f9d35ea60f.png,relabel,anh
ii,/DataCentric/data/train/i/ac18fb9e-ce5d-11eb-b317-38f9d35ea60f.png,relabel,anh
v,/DataCentric/data/train/v/af66b11a-ce5d-11eb-b317-38f9d35ea60f.png,relabel,anh
iii,/DataCentric/data/train/v/af9866ba-ce5d-11eb-b317-38f9d35ea60f.png,relabel,anh
