label,path,type,checker
,/DataCentric/data/train/viii/ad8fe24e-ce5d-11eb-b317-38f9d35ea60f.png,remove,anh
,/DataCentric/data/train/iv/adf813d2-ce5d-11eb-b317-38f9d35ea60f.png,remove,anh
,/DataCentric/data/train/iii/b0eb7124-ce5d-11eb-b317-38f9d35ea60f.png,remove,anh
,/DataCentric/data/train/ii/ab327264-ce5d-11eb-b317-38f9d35ea60f.png,remove,anh
,/DataCentric/data/train/ix/aeaf289c-ce5d-11eb-b317-38f9d35ea60f.png,remove,anh
,/DataCentric/data/train/iii/b0ab977a-ce5d-11eb-b317-38f9d35ea60f.png,remove,anh
,/DataCentric/data/train/viii/adaca514-ce5d-11eb-b317-38f9d35ea60f.png,remove,anh
,/DataCentric/data/train/v/af2f5922-ce5d-11eb-b317-38f9d35ea60f.png,remove,anh
,/DataCentric/data/train/iv/ade04432-ce5d-11eb-b317-38f9d35ea60f.png,remove,anh
,/DataCentric/data/train/vi/aab8e1f6-ce5d-11eb-b317-38f9d35ea60f.png,remove,anh
,/DataCentric/data/train/v/af882908-ce5d-11eb-b317-38f9d35ea60f.png,remove,anh
,/DataCentric/data/train/iv/ae443d52-ce5d-11eb-b317-38f9d35ea60f.png,remove,anh
,/DataCentric/data/train/vi/aafd66f0-ce5d-11eb-b317-38f9d35ea60f.png,remove,anh
,/DataCentric/data/train/ix/aeb08eb2-ce5d-11eb-b317-38f9d35ea60f.png,remove,anh
,/DataCentric/data/train/viii/ad7f730a-ce5d-11eb-b317-38f9d35ea60f.png,remove,anh
,/DataCentric/data/train/v/af773fbc-ce5d-11eb-b317-38f9d35ea60f.png,remove,anh
,/DataCentric/data/train/iv/ae898f9c-ce5d-11eb-b317-38f9d35ea60f.png,remove,anh
,/DataCentric/data/train/iv/adf9e946-ce5d-11eb-b317-38f9d35ea60f.png,remove,anh
,/DataCentric/data/train/i/abeabdc4-ce5d-11eb-b317-38f9d35ea60f.png,remove,anh
,/DataCentric/data/train/iii/b0624a16-ce5d-11eb-b317-38f9d35ea60f.png,remove,anh
,/DataCentric/data/train/iii/b0eabf68-ce5d-11eb-b317-38f9d35ea60f.png,remove,anh
,/DataCentric/data/train/viii/ada6a330-ce5d-11eb-b317-38f9d35ea60f.png,remove,anh
,/DataCentric/data/train/ii/ab5540a0-ce5d-11eb-b317-38f9d35ea60f.png,remove,anh
,/DataCentric/data/train/i/abc62d74-ce5d-11eb-b317-38f9d35ea60f.png,remove,anh
,/DataCentric/data/train/iv/ae15c6ca-ce5d-11eb-b317-38f9d35ea60f.png,remove,anh
,/DataCentric/data/train/vi/ab18bc3e-ce5d-11eb-b317-38f9d35ea60f.png,remove,anh
,/DataCentric/data/train/i/abe46fb4-ce5d-11eb-b317-38f9d35ea60f.png,remove,anh
,/DataCentric/data/train/iii/b0b3a50a-ce5d-11eb-b317-38f9d35ea60f.png,remove,anh
,/DataCentric/data/train/vi/ab04a758-ce5d-11eb-b317-38f9d35ea60f.png,remove,anh
,/DataCentric/data/train/x/afe99c10-ce5d-11eb-b317-38f9d35ea60f.png,remove,anh
,/DataCentric/data/train/x/afb804a2-ce5d-11eb-b317-38f9d35ea60f.png,remove,anh
,/DataCentric/data/train/iv/adee31fa-ce5d-11eb-b317-38f9d35ea60f.png,remove,anh
ii,/DataCentric/data/train/vi/ab05d178-ce5d-11eb-b317-38f9d35ea60f.png,remove,anh
v,/DataCentric/data/train/vii/ac8ebc94-ce5d-11eb-b317-38f9d35ea60f.png,remove,anh
,/DataCentric/data/train/ii/ab955b18-ce5d-11eb-b317-38f9d35ea60f.png,remove,anh
