,label,path,type,checker
0,i,D:\Project\Week1_Data_centric\baseline_code-main\data\check\keep\i\ab9fb784-ce5d-11eb-b317-38f9d35ea60f.png,keep,anh
1,i,D:\Project\Week1_Data_centric\baseline_code-main\data\check\keep\i\aba96072-ce5d-11eb-b317-38f9d35ea60f.png,keep,anh
2,i,D:\Project\Week1_Data_centric\baseline_code-main\data\check\keep\i\abadf178-ce5d-11eb-b317-38f9d35ea60f.png,keep,anh
3,i,D:\Project\Week1_Data_centric\baseline_code-main\data\check\keep\i\abb7ae02-ce5d-11eb-b317-38f9d35ea60f.png,keep,anh
4,i,D:\Project\Week1_Data_centric\baseline_code-main\data\check\keep\i\abb85924-ce5d-11eb-b317-38f9d35ea60f.png,keep,anh
5,i,D:\Project\Week1_Data_centric\baseline_code-main\data\check\keep\i\abc218ec-ce5d-11eb-b317-38f9d35ea60f.png,keep,anh
6,i,D:\Project\Week1_Data_centric\baseline_code-main\data\check\keep\i\abccce40-ce5d-11eb-b317-38f9d35ea60f.png,keep,anh
7,i,D:\Project\Week1_Data_centric\baseline_code-main\data\check\keep\i\abe46fb4-ce5d-11eb-b317-38f9d35ea60f.png,keep,anh
8,i,D:\Project\Week1_Data_centric\baseline_code-main\data\check\keep\i\abeabdc4-ce5d-11eb-b317-38f9d35ea60f.png,keep,anh
9,i,D:\Project\Week1_Data_centric\baseline_code-main\data\check\keep\i\abf1f634-ce5d-11eb-b317-38f9d35ea60f.png,keep,anh
10,i,D:\Project\Week1_Data_centric\baseline_code-main\data\check\keep\i\abf2ccbc-ce5d-11eb-b317-38f9d35ea60f.png,keep,anh
11,i,D:\Project\Week1_Data_centric\baseline_code-main\data\check\keep\i\ac02165e-ce5d-11eb-b317-38f9d35ea60f.png,keep,anh
12,i,D:\Project\Week1_Data_centric\baseline_code-main\data\check\keep\i\ac1035e0-ce5d-11eb-b317-38f9d35ea60f.png,keep,anh
13,i,D:\Project\Week1_Data_centric\baseline_code-main\data\check\keep\i\ac231e44-ce5d-11eb-b317-38f9d35ea60f.png,keep,anh
14,i,D:\Project\Week1_Data_centric\baseline_code-main\data\check\keep\i\ac290142-ce5d-11eb-b317-38f9d35ea60f.png,keep,anh
15,i,D:\Project\Week1_Data_centric\baseline_code-main\data\check\keep\i\ac2a6258-ce5d-11eb-b317-38f9d35ea60f.png,keep,anh
16,i,D:\Project\Week1_Data_centric\baseline_code-main\data\check\keep\i\ac389e68-ce5d-11eb-b317-38f9d35ea60f.png,keep,anh
17,i,D:\Project\Week1_Data_centric\baseline_code-main\data\check\keep\i\ac3d21fe-ce5d-11eb-b317-38f9d35ea60f.png,keep,anh
18,i,D:\Project\Week1_Data_centric\baseline_code-main\data\check\keep\i\ac4906e0-ce5d-11eb-b317-38f9d35ea60f.png,keep,anh
19,i,D:\Project\Week1_Data_centric\baseline_code-main\data\check\keep\i\ac4e20c6-ce5d-11eb-b317-38f9d35ea60f.png,keep,anh
20,i,D:\Project\Week1_Data_centric\baseline_code-main\data\check\keep\i\ac506f3e-ce5d-11eb-b317-38f9d35ea60f.png,keep,anh
21,i,D:\Project\Week1_Data_centric\baseline_code-main\data\check\keep\i\ac5294c6-ce5d-11eb-b317-38f9d35ea60f.png,keep,anh
22,i,D:\Project\Week1_Data_centric\baseline_code-main\data\check\keep\i\ac57ea02-ce5d-11eb-b317-38f9d35ea60f.png,keep,anh
23,i,D:\Project\Week1_Data_centric\baseline_code-main\data\check\keep\i\ac5886e2-ce5d-11eb-b317-38f9d35ea60f.png,keep,anh
24,i,D:\Project\Week1_Data_centric\baseline_code-main\data\check\keep\i\ac5e83c6-ce5d-11eb-b317-38f9d35ea60f.png,keep,anh
25,ii,D:\Project\Week1_Data_centric\baseline_code-main\data\check\keep\ii\ab2e9892-ce5d-11eb-b317-38f9d35ea60f.png,keep,anh
26,ii,D:\Project\Week1_Data_centric\baseline_code-main\data\check\keep\ii\ab2f3aea-ce5d-11eb-b317-38f9d35ea60f.png,keep,anh
27,ii,D:\Project\Week1_Data_centric\baseline_code-main\data\check\keep\ii\ab34fba6-ce5d-11eb-b317-38f9d35ea60f.png,keep,anh
28,ii,D:\Project\Week1_Data_centric\baseline_code-main\data\check\keep\ii\ab36a348-ce5d-11eb-b317-38f9d35ea60f.png,keep,anh
29,ii,D:\Project\Week1_Data_centric\baseline_code-main\data\check\keep\ii\ab419208-ce5d-11eb-b317-38f9d35ea60f.png,keep,anh
30,ii,D:\Project\Week1_Data_centric\baseline_code-main\data\check\keep\ii\ab4aab36-ce5d-11eb-b317-38f9d35ea60f.png,keep,anh
31,ii,D:\Project\Week1_Data_centric\baseline_code-main\data\check\keep\ii\ab5540a0-ce5d-11eb-b317-38f9d35ea60f.png,keep,anh
32,ii,D:\Project\Week1_Data_centric\baseline_code-main\data\check\keep\ii\ab6d8f8e-ce5d-11eb-b317-38f9d35ea60f.png,keep,anh
33,ii,D:\Project\Week1_Data_centric\baseline_code-main\data\check\keep\ii\ab8252d4-ce5d-11eb-b317-38f9d35ea60f.png,keep,anh
34,ii,D:\Project\Week1_Data_centric\baseline_code-main\data\check\keep\ii\ab82d8d0-ce5d-11eb-b317-38f9d35ea60f.png,keep,anh
35,ii,D:\Project\Week1_Data_centric\baseline_code-main\data\check\keep\ii\ab884112-ce5d-11eb-b317-38f9d35ea60f.png,keep,anh
36,ii,D:\Project\Week1_Data_centric\baseline_code-main\data\check\keep\ii\ab8ce55a-ce5d-11eb-b317-38f9d35ea60f.png,keep,anh
37,ii,D:\Project\Week1_Data_centric\baseline_code-main\data\check\keep\ii\ab8ff736-ce5d-11eb-b317-38f9d35ea60f.png,keep,anh
38,ii,D:\Project\Week1_Data_centric\baseline_code-main\data\check\keep\ii\ab955b18-ce5d-11eb-b317-38f9d35ea60f.png,keep,anh
39,ii,D:\Project\Week1_Data_centric\baseline_code-main\data\check\keep\ii\ab984cb0-ce5d-11eb-b317-38f9d35ea60f.png,keep,anh
40,ii,D:\Project\Week1_Data_centric\baseline_code-main\data\check\keep\ii\ab9df6ce-ce5d-11eb-b317-38f9d35ea60f.png,keep,anh
41,iii,D:\Project\Week1_Data_centric\baseline_code-main\data\check\keep\iii\b02c8e94-ce5d-11eb-b317-38f9d35ea60f.png,keep,anh
42,iii,D:\Project\Week1_Data_centric\baseline_code-main\data\check\keep\iii\b031f6c2-ce5d-11eb-b317-38f9d35ea60f.png,keep,anh
43,iii,D:\Project\Week1_Data_centric\baseline_code-main\data\check\keep\iii\b0461e04-ce5d-11eb-b317-38f9d35ea60f.png,keep,anh
44,iii,D:\Project\Week1_Data_centric\baseline_code-main\data\check\keep\iii\b0479f90-ce5d-11eb-b317-38f9d35ea60f.png,keep,anh
45,iii,D:\Project\Week1_Data_centric\baseline_code-main\data\check\keep\iii\b04c684a-ce5d-11eb-b317-38f9d35ea60f.png,keep,anh
46,iii,D:\Project\Week1_Data_centric\baseline_code-main\data\check\keep\iii\b04f3afc-ce5d-11eb-b317-38f9d35ea60f.png,keep,anh
47,iii,D:\Project\Week1_Data_centric\baseline_code-main\data\check\keep\iii\b0514310-ce5d-11eb-b317-38f9d35ea60f.png,keep,anh
48,iii,D:\Project\Week1_Data_centric\baseline_code-main\data\check\keep\iii\b0624a16-ce5d-11eb-b317-38f9d35ea60f.png,keep,anh
49,iii,D:\Project\Week1_Data_centric\baseline_code-main\data\check\keep\iii\b076f178-ce5d-11eb-b317-38f9d35ea60f.png,keep,anh
50,iii,D:\Project\Week1_Data_centric\baseline_code-main\data\check\keep\iii\b08b53ac-ce5d-11eb-b317-38f9d35ea60f.png,keep,anh
51,iii,D:\Project\Week1_Data_centric\baseline_code-main\data\check\keep\iii\b093f516-ce5d-11eb-b317-38f9d35ea60f.png,keep,anh
52,iii,D:\Project\Week1_Data_centric\baseline_code-main\data\check\keep\iii\b097922a-ce5d-11eb-b317-38f9d35ea60f.png,keep,anh
53,iii,D:\Project\Week1_Data_centric\baseline_code-main\data\check\keep\iii\b0caa656-ce5d-11eb-b317-38f9d35ea60f.png,keep,anh
54,iii,D:\Project\Week1_Data_centric\baseline_code-main\data\check\keep\iii\b0cb950c-ce5d-11eb-b317-38f9d35ea60f.png,keep,anh
55,iii,D:\Project\Week1_Data_centric\baseline_code-main\data\check\keep\iii\b0d910ce-ce5d-11eb-b317-38f9d35ea60f.png,keep,anh
56,iii,D:\Project\Week1_Data_centric\baseline_code-main\data\check\keep\iii\b0d9bbf0-ce5d-11eb-b317-38f9d35ea60f.png,keep,anh
57,iii,D:\Project\Week1_Data_centric\baseline_code-main\data\check\keep\iii\b0e67e44-ce5d-11eb-b317-38f9d35ea60f.png,keep,anh
58,iii,D:\Project\Week1_Data_centric\baseline_code-main\data\check\keep\iii\b0e8a05c-ce5d-11eb-b317-38f9d35ea60f.png,keep,anh
59,iii,D:\Project\Week1_Data_centric\baseline_code-main\data\check\keep\iii\b0eabf68-ce5d-11eb-b317-38f9d35ea60f.png,keep,anh
60,iii,D:\Project\Week1_Data_centric\baseline_code-main\data\check\keep\iii\b0ece57c-ce5d-11eb-b317-38f9d35ea60f.png,keep,anh
61,iii,D:\Project\Week1_Data_centric\baseline_code-main\data\check\keep\iii\b0f0a4e6-ce5d-11eb-b317-38f9d35ea60f.png,keep,anh
62,iii,D:\Project\Week1_Data_centric\baseline_code-main\data\check\keep\iii\b0f36136-ce5d-11eb-b317-38f9d35ea60f.png,keep,anh
63,iv,D:\Project\Week1_Data_centric\baseline_code-main\data\check\keep\iv\add8501a-ce5d-11eb-b317-38f9d35ea60f.png,keep,anh
64,iv,D:\Project\Week1_Data_centric\baseline_code-main\data\check\keep\iv\addb0e54-ce5d-11eb-b317-38f9d35ea60f.png,keep,anh
65,iv,D:\Project\Week1_Data_centric\baseline_code-main\data\check\keep\iv\addd9516-ce5d-11eb-b317-38f9d35ea60f.png,keep,anh
66,iv,D:\Project\Week1_Data_centric\baseline_code-main\data\check\keep\iv\ade2376a-ce5d-11eb-b317-38f9d35ea60f.png,keep,anh
67,iv,D:\Project\Week1_Data_centric\baseline_code-main\data\check\keep\iv\ade3b630-ce5d-11eb-b317-38f9d35ea60f.png,keep,anh
68,iv,D:\Project\Week1_Data_centric\baseline_code-main\data\check\keep\iv\adea2e0c-ce5d-11eb-b317-38f9d35ea60f.png,keep,anh
69,iv,D:\Project\Week1_Data_centric\baseline_code-main\data\check\keep\iv\adec1cc6-ce5d-11eb-b317-38f9d35ea60f.png,keep,anh
70,iv,D:\Project\Week1_Data_centric\baseline_code-main\data\check\keep\iv\adee31fa-ce5d-11eb-b317-38f9d35ea60f.png,keep,anh
71,iv,D:\Project\Week1_Data_centric\baseline_code-main\data\check\keep\iv\adf9e946-ce5d-11eb-b317-38f9d35ea60f.png,keep,anh
72,iv,D:\Project\Week1_Data_centric\baseline_code-main\data\check\keep\iv\adfad892-ce5d-11eb-b317-38f9d35ea60f.png,keep,anh
73,iv,D:\Project\Week1_Data_centric\baseline_code-main\data\check\keep\iv\ae03be6c-ce5d-11eb-b317-38f9d35ea60f.png,keep,anh
74,iv,D:\Project\Week1_Data_centric\baseline_code-main\data\check\keep\iv\ae08a530-ce5d-11eb-b317-38f9d35ea60f.png,keep,anh
75,iv,D:\Project\Week1_Data_centric\baseline_code-main\data\check\keep\iv\ae0b6ca2-ce5d-11eb-b317-38f9d35ea60f.png,keep,anh
76,iv,D:\Project\Week1_Data_centric\baseline_code-main\data\check\keep\iv\ae0c7c14-ce5d-11eb-b317-38f9d35ea60f.png,keep,anh
77,iv,D:\Project\Week1_Data_centric\baseline_code-main\data\check\keep\iv\ae0ff5d8-ce5d-11eb-b317-38f9d35ea60f.png,keep,anh
78,iv,D:\Project\Week1_Data_centric\baseline_code-main\data\check\keep\iv\ae15c6ca-ce5d-11eb-b317-38f9d35ea60f.png,keep,anh
79,iv,D:\Project\Week1_Data_centric\baseline_code-main\data\check\keep\iv\ae20a3e2-ce5d-11eb-b317-38f9d35ea60f.png,keep,anh
80,iv,D:\Project\Week1_Data_centric\baseline_code-main\data\check\keep\iv\ae2373a6-ce5d-11eb-b317-38f9d35ea60f.png,keep,anh
81,iv,D:\Project\Week1_Data_centric\baseline_code-main\data\check\keep\iv\ae27eb3e-ce5d-11eb-b317-38f9d35ea60f.png,keep,anh
82,iv,D:\Project\Week1_Data_centric\baseline_code-main\data\check\keep\iv\ae2af5ae-ce5d-11eb-b317-38f9d35ea60f.png,keep,anh
83,iv,D:\Project\Week1_Data_centric\baseline_code-main\data\check\keep\iv\ae2d7450-ce5d-11eb-b317-38f9d35ea60f.png,keep,anh
84,iv,D:\Project\Week1_Data_centric\baseline_code-main\data\check\keep\iv\ae3244c6-ce5d-11eb-b317-38f9d35ea60f.png,keep,anh
85,iv,D:\Project\Week1_Data_centric\baseline_code-main\data\check\keep\iv\ae32bdfc-ce5d-11eb-b317-38f9d35ea60f.png,keep,anh
86,iv,D:\Project\Week1_Data_centric\baseline_code-main\data\check\keep\iv\ae340388-ce5d-11eb-b317-38f9d35ea60f.png,keep,anh
87,iv,D:\Project\Week1_Data_centric\baseline_code-main\data\check\keep\iv\ae41f6a0-ce5d-11eb-b317-38f9d35ea60f.png,keep,anh
88,iv,D:\Project\Week1_Data_centric\baseline_code-main\data\check\keep\iv\ae443d52-ce5d-11eb-b317-38f9d35ea60f.png,keep,anh
89,iv,D:\Project\Week1_Data_centric\baseline_code-main\data\check\keep\iv\ae44c560-ce5d-11eb-b317-38f9d35ea60f.png,keep,anh
90,iv,D:\Project\Week1_Data_centric\baseline_code-main\data\check\keep\iv\ae46851c-ce5d-11eb-b317-38f9d35ea60f.png,keep,anh
91,iv,D:\Project\Week1_Data_centric\baseline_code-main\data\check\keep\iv\ae4bf5ec-ce5d-11eb-b317-38f9d35ea60f.png,keep,anh
92,iv,D:\Project\Week1_Data_centric\baseline_code-main\data\check\keep\iv\ae4e4ea0-ce5d-11eb-b317-38f9d35ea60f.png,keep,anh
93,iv,D:\Project\Week1_Data_centric\baseline_code-main\data\check\keep\iv\ae51fcd0-ce5d-11eb-b317-38f9d35ea60f.png,keep,anh
94,iv,D:\Project\Week1_Data_centric\baseline_code-main\data\check\keep\iv\ae57f784-ce5d-11eb-b317-38f9d35ea60f.png,keep,anh
95,iv,D:\Project\Week1_Data_centric\baseline_code-main\data\check\keep\iv\ae62986a-ce5d-11eb-b317-38f9d35ea60f.png,keep,anh
96,iv,D:\Project\Week1_Data_centric\baseline_code-main\data\check\keep\iv\ae656086-ce5d-11eb-b317-38f9d35ea60f.png,keep,anh
97,iv,D:\Project\Week1_Data_centric\baseline_code-main\data\check\keep\iv\ae74ad3e-ce5d-11eb-b317-38f9d35ea60f.png,keep,anh
98,iv,D:\Project\Week1_Data_centric\baseline_code-main\data\check\keep\iv\ae776fd8-ce5d-11eb-b317-38f9d35ea60f.png,keep,anh
99,iv,D:\Project\Week1_Data_centric\baseline_code-main\data\check\keep\iv\ae7b6688-ce5d-11eb-b317-38f9d35ea60f.png,keep,anh
100,iv,D:\Project\Week1_Data_centric\baseline_code-main\data\check\keep\iv\ae7e4d58-ce5d-11eb-b317-38f9d35ea60f.png,keep,anh
101,iv,D:\Project\Week1_Data_centric\baseline_code-main\data\check\keep\iv\ae82dddc-ce5d-11eb-b317-38f9d35ea60f.png,keep,anh
102,iv,D:\Project\Week1_Data_centric\baseline_code-main\data\check\keep\iv\ae84df2e-ce5d-11eb-b317-38f9d35ea60f.png,keep,anh
103,iv,D:\Project\Week1_Data_centric\baseline_code-main\data\check\keep\iv\ae887ed6-ce5d-11eb-b317-38f9d35ea60f.png,keep,anh
104,iv,D:\Project\Week1_Data_centric\baseline_code-main\data\check\keep\iv\ae898f9c-ce5d-11eb-b317-38f9d35ea60f.png,keep,anh
105,ix,D:\Project\Week1_Data_centric\baseline_code-main\data\check\keep\ix\ae8f60de-ce5d-11eb-b317-38f9d35ea60f.png,keep,anh
106,ix,D:\Project\Week1_Data_centric\baseline_code-main\data\check\keep\ix\ae93dcea-ce5d-11eb-b317-38f9d35ea60f.png,keep,anh
107,ix,D:\Project\Week1_Data_centric\baseline_code-main\data\check\keep\ix\ae9508d6-ce5d-11eb-b317-38f9d35ea60f.png,keep,anh
108,ix,D:\Project\Week1_Data_centric\baseline_code-main\data\check\keep\ix\ae987a98-ce5d-11eb-b317-38f9d35ea60f.png,keep,anh
109,ix,D:\Project\Week1_Data_centric\baseline_code-main\data\check\keep\ix\aea2ff9a-ce5d-11eb-b317-38f9d35ea60f.png,keep,anh
110,ix,D:\Project\Week1_Data_centric\baseline_code-main\data\check\keep\ix\aea4a3c2-ce5d-11eb-b317-38f9d35ea60f.png,keep,anh
111,ix,D:\Project\Week1_Data_centric\baseline_code-main\data\check\keep\ix\aeafc504-ce5d-11eb-b317-38f9d35ea60f.png,keep,anh
112,ix,D:\Project\Week1_Data_centric\baseline_code-main\data\check\keep\ix\aeb95d6c-ce5d-11eb-b317-38f9d35ea60f.png,keep,anh
113,ix,D:\Project\Week1_Data_centric\baseline_code-main\data\check\keep\ix\aebc03be-ce5d-11eb-b317-38f9d35ea60f.png,keep,anh
114,ix,D:\Project\Week1_Data_centric\baseline_code-main\data\check\keep\ix\aebc97a2-ce5d-11eb-b317-38f9d35ea60f.png,keep,anh
115,ix,D:\Project\Week1_Data_centric\baseline_code-main\data\check\keep\ix\aebd296a-ce5d-11eb-b317-38f9d35ea60f.png,keep,anh
116,ix,D:\Project\Week1_Data_centric\baseline_code-main\data\check\keep\ix\aebfc8d2-ce5d-11eb-b317-38f9d35ea60f.png,keep,anh
117,ix,D:\Project\Week1_Data_centric\baseline_code-main\data\check\keep\ix\aec28824-ce5d-11eb-b317-38f9d35ea60f.png,keep,anh
118,ix,D:\Project\Week1_Data_centric\baseline_code-main\data\check\keep\ix\aec31726-ce5d-11eb-b317-38f9d35ea60f.png,keep,anh
119,ix,D:\Project\Week1_Data_centric\baseline_code-main\data\check\keep\ix\aed16d6c-ce5d-11eb-b317-38f9d35ea60f.png,keep,anh
120,ix,D:\Project\Week1_Data_centric\baseline_code-main\data\check\keep\ix\aed59888-ce5d-11eb-b317-38f9d35ea60f.png,keep,anh
121,ix,D:\Project\Week1_Data_centric\baseline_code-main\data\check\keep\ix\aed98916-ce5d-11eb-b317-38f9d35ea60f.png,keep,anh
122,ix,D:\Project\Week1_Data_centric\baseline_code-main\data\check\keep\ix\aedf763c-ce5d-11eb-b317-38f9d35ea60f.png,keep,anh
123,ix,D:\Project\Week1_Data_centric\baseline_code-main\data\check\keep\ix\aedfe8ec-ce5d-11eb-b317-38f9d35ea60f.png,keep,anh
124,ix,D:\Project\Week1_Data_centric\baseline_code-main\data\check\keep\ix\aee6eafc-ce5d-11eb-b317-38f9d35ea60f.png,keep,anh
125,ix,D:\Project\Week1_Data_centric\baseline_code-main\data\check\keep\ix\aeeafd04-ce5d-11eb-b317-38f9d35ea60f.png,keep,anh
126,ix,D:\Project\Week1_Data_centric\baseline_code-main\data\check\keep\ix\aef20252-ce5d-11eb-b317-38f9d35ea60f.png,keep,anh
127,ix,D:\Project\Week1_Data_centric\baseline_code-main\data\check\keep\ix\aef7ab9e-ce5d-11eb-b317-38f9d35ea60f.png,keep,anh
128,ix,D:\Project\Week1_Data_centric\baseline_code-main\data\check\keep\ix\aef82754-ce5d-11eb-b317-38f9d35ea60f.png,keep,anh
129,ix,D:\Project\Week1_Data_centric\baseline_code-main\data\check\keep\ix\aefabef6-ce5d-11eb-b317-38f9d35ea60f.png,keep,anh
130,ix,D:\Project\Week1_Data_centric\baseline_code-main\data\check\keep\ix\aefe76ae-ce5d-11eb-b317-38f9d35ea60f.png,keep,anh
131,ix,D:\Project\Week1_Data_centric\baseline_code-main\data\check\keep\ix\af000d5c-ce5d-11eb-b317-38f9d35ea60f.png,keep,anh
132,ix,D:\Project\Week1_Data_centric\baseline_code-main\data\check\keep\ix\af058688-ce5d-11eb-b317-38f9d35ea60f.png,keep,anh
133,ix,D:\Project\Week1_Data_centric\baseline_code-main\data\check\keep\ix\af06a09a-ce5d-11eb-b317-38f9d35ea60f.png,keep,anh
134,ix,D:\Project\Week1_Data_centric\baseline_code-main\data\check\keep\ix\af0db038-ce5d-11eb-b317-38f9d35ea60f.png,keep,anh
135,v,D:\Project\Week1_Data_centric\baseline_code-main\data\check\keep\v\af1693b0-ce5d-11eb-b317-38f9d35ea60f.png,keep,anh
136,v,D:\Project\Week1_Data_centric\baseline_code-main\data\check\keep\v\af17776c-ce5d-11eb-b317-38f9d35ea60f.png,keep,anh
137,v,D:\Project\Week1_Data_centric\baseline_code-main\data\check\keep\v\af1f7480-ce5d-11eb-b317-38f9d35ea60f.png,keep,anh
138,v,D:\Project\Week1_Data_centric\baseline_code-main\data\check\keep\v\af24983e-ce5d-11eb-b317-38f9d35ea60f.png,keep,anh
139,v,D:\Project\Week1_Data_centric\baseline_code-main\data\check\keep\v\af261240-ce5d-11eb-b317-38f9d35ea60f.png,keep,anh
140,v,D:\Project\Week1_Data_centric\baseline_code-main\data\check\keep\v\af26fff2-ce5d-11eb-b317-38f9d35ea60f.png,keep,anh
141,v,D:\Project\Week1_Data_centric\baseline_code-main\data\check\keep\v\af282ce2-ce5d-11eb-b317-38f9d35ea60f.png,keep,anh
142,v,D:\Project\Week1_Data_centric\baseline_code-main\data\check\keep\v\af2af2c4-ce5d-11eb-b317-38f9d35ea60f.png,keep,anh
143,v,D:\Project\Week1_Data_centric\baseline_code-main\data\check\keep\v\af38e708-ce5d-11eb-b317-38f9d35ea60f.png,keep,anh
144,v,D:\Project\Week1_Data_centric\baseline_code-main\data\check\keep\v\af419a4c-ce5d-11eb-b317-38f9d35ea60f.png,keep,anh
145,v,D:\Project\Week1_Data_centric\baseline_code-main\data\check\keep\v\af448a86-ce5d-11eb-b317-38f9d35ea60f.png,keep,anh
146,v,D:\Project\Week1_Data_centric\baseline_code-main\data\check\keep\v\af451cee-ce5d-11eb-b317-38f9d35ea60f.png,keep,anh
147,v,D:\Project\Week1_Data_centric\baseline_code-main\data\check\keep\v\af45a308-ce5d-11eb-b317-38f9d35ea60f.png,keep,anh
148,v,D:\Project\Week1_Data_centric\baseline_code-main\data\check\keep\v\af4c15a8-ce5d-11eb-b317-38f9d35ea60f.png,keep,anh
149,v,D:\Project\Week1_Data_centric\baseline_code-main\data\check\keep\v\af538e46-ce5d-11eb-b317-38f9d35ea60f.png,keep,anh
150,v,D:\Project\Week1_Data_centric\baseline_code-main\data\check\keep\v\af596244-ce5d-11eb-b317-38f9d35ea60f.png,keep,anh
151,v,D:\Project\Week1_Data_centric\baseline_code-main\data\check\keep\v\af5ecf68-ce5d-11eb-b317-38f9d35ea60f.png,keep,anh
152,v,D:\Project\Week1_Data_centric\baseline_code-main\data\check\keep\v\af5fb19e-ce5d-11eb-b317-38f9d35ea60f.png,keep,anh
153,v,D:\Project\Week1_Data_centric\baseline_code-main\data\check\keep\v\af66b11a-ce5d-11eb-b317-38f9d35ea60f.png,keep,anh
154,v,D:\Project\Week1_Data_centric\baseline_code-main\data\check\keep\v\af678018-ce5d-11eb-b317-38f9d35ea60f.png,keep,anh
155,v,D:\Project\Week1_Data_centric\baseline_code-main\data\check\keep\v\af691824-ce5d-11eb-b317-38f9d35ea60f.png,keep,anh
156,v,D:\Project\Week1_Data_centric\baseline_code-main\data\check\keep\v\af6f46d6-ce5d-11eb-b317-38f9d35ea60f.png,keep,anh
157,v,D:\Project\Week1_Data_centric\baseline_code-main\data\check\keep\v\af7147c4-ce5d-11eb-b317-38f9d35ea60f.png,keep,anh
158,v,D:\Project\Week1_Data_centric\baseline_code-main\data\check\keep\v\af734c18-ce5d-11eb-b317-38f9d35ea60f.png,keep,anh
159,v,D:\Project\Week1_Data_centric\baseline_code-main\data\check\keep\v\af7633ce-ce5d-11eb-b317-38f9d35ea60f.png,keep,anh
160,v,D:\Project\Week1_Data_centric\baseline_code-main\data\check\keep\v\af773fbc-ce5d-11eb-b317-38f9d35ea60f.png,keep,anh
161,v,D:\Project\Week1_Data_centric\baseline_code-main\data\check\keep\v\af77c36a-ce5d-11eb-b317-38f9d35ea60f.png,keep,anh
162,v,D:\Project\Week1_Data_centric\baseline_code-main\data\check\keep\v\af7d78aa-ce5d-11eb-b317-38f9d35ea60f.png,keep,anh
163,v,D:\Project\Week1_Data_centric\baseline_code-main\data\check\keep\v\af882908-ce5d-11eb-b317-38f9d35ea60f.png,keep,anh
164,v,D:\Project\Week1_Data_centric\baseline_code-main\data\check\keep\v\af896ae8-ce5d-11eb-b317-38f9d35ea60f.png,keep,anh
165,v,D:\Project\Week1_Data_centric\baseline_code-main\data\check\keep\v\af8a7abe-ce5d-11eb-b317-38f9d35ea60f.png,keep,anh
166,v,D:\Project\Week1_Data_centric\baseline_code-main\data\check\keep\v\af96aa6e-ce5d-11eb-b317-38f9d35ea60f.png,keep,anh
167,v,D:\Project\Week1_Data_centric\baseline_code-main\data\check\keep\v\af9866ba-ce5d-11eb-b317-38f9d35ea60f.png,keep,anh
168,vi,D:\Project\Week1_Data_centric\baseline_code-main\data\check\keep\vi\aabec0da-ce5d-11eb-b317-38f9d35ea60f.png,keep,anh
169,vi,D:\Project\Week1_Data_centric\baseline_code-main\data\check\keep\vi\aacc417e-ce5d-11eb-b317-38f9d35ea60f.png,keep,anh
170,vi,D:\Project\Week1_Data_centric\baseline_code-main\data\check\keep\vi\aadfde82-ce5d-11eb-b317-38f9d35ea60f.png,keep,anh
171,vi,D:\Project\Week1_Data_centric\baseline_code-main\data\check\keep\vi\aae06d34-ce5d-11eb-b317-38f9d35ea60f.png,keep,anh
172,vi,D:\Project\Week1_Data_centric\baseline_code-main\data\check\keep\vi\aae61392-ce5d-11eb-b317-38f9d35ea60f.png,keep,anh
173,vi,D:\Project\Week1_Data_centric\baseline_code-main\data\check\keep\vi\aafd66f0-ce5d-11eb-b317-38f9d35ea60f.png,keep,anh
174,vi,D:\Project\Week1_Data_centric\baseline_code-main\data\check\keep\vi\aafe9f98-ce5d-11eb-b317-38f9d35ea60f.png,keep,anh
175,vi,D:\Project\Week1_Data_centric\baseline_code-main\data\check\keep\vi\aaff533e-ce5d-11eb-b317-38f9d35ea60f.png,keep,anh
176,vi,D:\Project\Week1_Data_centric\baseline_code-main\data\check\keep\vi\ab012326-ce5d-11eb-b317-38f9d35ea60f.png,keep,anh
177,vi,D:\Project\Week1_Data_centric\baseline_code-main\data\check\keep\vi\ab024044-ce5d-11eb-b317-38f9d35ea60f.png,keep,anh
178,vi,D:\Project\Week1_Data_centric\baseline_code-main\data\check\keep\vi\ab04a758-ce5d-11eb-b317-38f9d35ea60f.png,keep,anh
179,vi,D:\Project\Week1_Data_centric\baseline_code-main\data\check\keep\vi\ab08c6b2-ce5d-11eb-b317-38f9d35ea60f.png,keep,anh
180,vi,D:\Project\Week1_Data_centric\baseline_code-main\data\check\keep\vi\ab112802-ce5d-11eb-b317-38f9d35ea60f.png,keep,anh
181,vi,D:\Project\Week1_Data_centric\baseline_code-main\data\check\keep\vi\ab130032-ce5d-11eb-b317-38f9d35ea60f.png,keep,anh
182,vi,D:\Project\Week1_Data_centric\baseline_code-main\data\check\keep\vi\ab18bc3e-ce5d-11eb-b317-38f9d35ea60f.png,keep,anh
183,vi,D:\Project\Week1_Data_centric\baseline_code-main\data\check\keep\vi\ab27bb8a-ce5d-11eb-b317-38f9d35ea60f.png,keep,anh
184,vii,D:\Project\Week1_Data_centric\baseline_code-main\data\check\keep\vii\ac7b0ed8-ce5d-11eb-b317-38f9d35ea60f.png,keep,anh
185,vii,D:\Project\Week1_Data_centric\baseline_code-main\data\check\keep\vii\ac81999c-ce5d-11eb-b317-38f9d35ea60f.png,keep,anh
186,vii,D:\Project\Week1_Data_centric\baseline_code-main\data\check\keep\vii\ac851860-ce5d-11eb-b317-38f9d35ea60f.png,keep,anh
187,vii,D:\Project\Week1_Data_centric\baseline_code-main\data\check\keep\vii\ac8da4a8-ce5d-11eb-b317-38f9d35ea60f.png,keep,anh
188,vii,D:\Project\Week1_Data_centric\baseline_code-main\data\check\keep\vii\ac8ebc94-ce5d-11eb-b317-38f9d35ea60f.png,keep,anh
189,vii,D:\Project\Week1_Data_centric\baseline_code-main\data\check\keep\vii\aca769ce-ce5d-11eb-b317-38f9d35ea60f.png,keep,anh
190,vii,D:\Project\Week1_Data_centric\baseline_code-main\data\check\keep\vii\acae9c9e-ce5d-11eb-b317-38f9d35ea60f.png,keep,anh
191,vii,D:\Project\Week1_Data_centric\baseline_code-main\data\check\keep\vii\acbd5cf2-ce5d-11eb-b317-38f9d35ea60f.png,keep,anh
192,vii,D:\Project\Week1_Data_centric\baseline_code-main\data\check\keep\vii\acbedc08-ce5d-11eb-b317-38f9d35ea60f.png,keep,anh
193,vii,D:\Project\Week1_Data_centric\baseline_code-main\data\check\keep\vii\acbf8aea-ce5d-11eb-b317-38f9d35ea60f.png,keep,anh
194,vii,D:\Project\Week1_Data_centric\baseline_code-main\data\check\keep\vii\acc2f36a-ce5d-11eb-b317-38f9d35ea60f.png,keep,anh
195,vii,D:\Project\Week1_Data_centric\baseline_code-main\data\check\keep\vii\acccbc42-ce5d-11eb-b317-38f9d35ea60f.png,keep,anh
196,vii,D:\Project\Week1_Data_centric\baseline_code-main\data\check\keep\vii\acd32f6e-ce5d-11eb-b317-38f9d35ea60f.png,keep,anh
197,vii,D:\Project\Week1_Data_centric\baseline_code-main\data\check\keep\vii\aceb0274-ce5d-11eb-b317-38f9d35ea60f.png,keep,anh
198,vii,D:\Project\Week1_Data_centric\baseline_code-main\data\check\keep\vii\acec3ea0-ce5d-11eb-b317-38f9d35ea60f.png,keep,anh
199,vii,D:\Project\Week1_Data_centric\baseline_code-main\data\check\keep\vii\acf5a9ae-ce5d-11eb-b317-38f9d35ea60f.png,keep,anh
200,vii,D:\Project\Week1_Data_centric\baseline_code-main\data\check\keep\vii\acf9593c-ce5d-11eb-b317-38f9d35ea60f.png,keep,anh
201,viii,D:\Project\Week1_Data_centric\baseline_code-main\data\check\keep\viii\ad0ca9e2-ce5d-11eb-b317-38f9d35ea60f.png,keep,anh
202,viii,D:\Project\Week1_Data_centric\baseline_code-main\data\check\keep\viii\ad20460a-ce5d-11eb-b317-38f9d35ea60f.png,keep,anh
203,viii,D:\Project\Week1_Data_centric\baseline_code-main\data\check\keep\viii\ad32ae94-ce5d-11eb-b317-38f9d35ea60f.png,keep,anh
204,viii,D:\Project\Week1_Data_centric\baseline_code-main\data\check\keep\viii\ad3aa842-ce5d-11eb-b317-38f9d35ea60f.png,keep,anh
205,viii,D:\Project\Week1_Data_centric\baseline_code-main\data\check\keep\viii\ad3d2d42-ce5d-11eb-b317-38f9d35ea60f.png,keep,anh
206,viii,D:\Project\Week1_Data_centric\baseline_code-main\data\check\keep\viii\ad575de8-ce5d-11eb-b317-38f9d35ea60f.png,keep,anh
207,viii,D:\Project\Week1_Data_centric\baseline_code-main\data\check\keep\viii\ad71cdae-ce5d-11eb-b317-38f9d35ea60f.png,keep,anh
208,viii,D:\Project\Week1_Data_centric\baseline_code-main\data\check\keep\viii\ad7613f0-ce5d-11eb-b317-38f9d35ea60f.png,keep,anh
209,viii,D:\Project\Week1_Data_centric\baseline_code-main\data\check\keep\viii\ad77dad2-ce5d-11eb-b317-38f9d35ea60f.png,keep,anh
210,viii,D:\Project\Week1_Data_centric\baseline_code-main\data\check\keep\viii\ad787fd2-ce5d-11eb-b317-38f9d35ea60f.png,keep,anh
211,viii,D:\Project\Week1_Data_centric\baseline_code-main\data\check\keep\viii\ad79fd9e-ce5d-11eb-b317-38f9d35ea60f.png,keep,anh
212,viii,D:\Project\Week1_Data_centric\baseline_code-main\data\check\keep\viii\ad7eb136-ce5d-11eb-b317-38f9d35ea60f.png,keep,anh
213,viii,D:\Project\Week1_Data_centric\baseline_code-main\data\check\keep\viii\ad7f730a-ce5d-11eb-b317-38f9d35ea60f.png,keep,anh
214,viii,D:\Project\Week1_Data_centric\baseline_code-main\data\check\keep\viii\ada1932c-ce5d-11eb-b317-38f9d35ea60f.png,keep,anh
215,viii,D:\Project\Week1_Data_centric\baseline_code-main\data\check\keep\viii\ada6a330-ce5d-11eb-b317-38f9d35ea60f.png,keep,anh
216,viii,D:\Project\Week1_Data_centric\baseline_code-main\data\check\keep\viii\adc0385e-ce5d-11eb-b317-38f9d35ea60f.png,keep,anh
217,viii,D:\Project\Week1_Data_centric\baseline_code-main\data\check\keep\viii\adc93b66-ce5d-11eb-b317-38f9d35ea60f.png,keep,anh
218,x,D:\Project\Week1_Data_centric\baseline_code-main\data\check\keep\x\afa44412-ce5d-11eb-b317-38f9d35ea60f.png,keep,anh
219,x,D:\Project\Week1_Data_centric\baseline_code-main\data\check\keep\x\afa65090-ce5d-11eb-b317-38f9d35ea60f.png,keep,anh
220,x,D:\Project\Week1_Data_centric\baseline_code-main\data\check\keep\x\afa7134a-ce5d-11eb-b317-38f9d35ea60f.png,keep,anh
221,x,D:\Project\Week1_Data_centric\baseline_code-main\data\check\keep\x\afbe68f6-ce5d-11eb-b317-38f9d35ea60f.png,keep,anh
222,x,D:\Project\Week1_Data_centric\baseline_code-main\data\check\keep\x\afc711e0-ce5d-11eb-b317-38f9d35ea60f.png,keep,anh
223,x,D:\Project\Week1_Data_centric\baseline_code-main\data\check\keep\x\afd37fb6-ce5d-11eb-b317-38f9d35ea60f.png,keep,anh
224,x,D:\Project\Week1_Data_centric\baseline_code-main\data\check\keep\x\afd47cd6-ce5d-11eb-b317-38f9d35ea60f.png,keep,anh
225,x,D:\Project\Week1_Data_centric\baseline_code-main\data\check\keep\x\afd63062-ce5d-11eb-b317-38f9d35ea60f.png,keep,anh
226,x,D:\Project\Week1_Data_centric\baseline_code-main\data\check\keep\x\afd81b98-ce5d-11eb-b317-38f9d35ea60f.png,keep,anh
227,x,D:\Project\Week1_Data_centric\baseline_code-main\data\check\keep\x\afdb2e32-ce5d-11eb-b317-38f9d35ea60f.png,keep,anh
228,x,D:\Project\Week1_Data_centric\baseline_code-main\data\check\keep\x\afdbca54-ce5d-11eb-b317-38f9d35ea60f.png,keep,anh
229,x,D:\Project\Week1_Data_centric\baseline_code-main\data\check\keep\x\afebbdf6-ce5d-11eb-b317-38f9d35ea60f.png,keep,anh
230,x,D:\Project\Week1_Data_centric\baseline_code-main\data\check\keep\x\aff0f85c-ce5d-11eb-b317-38f9d35ea60f.png,keep,anh
231,x,D:\Project\Week1_Data_centric\baseline_code-main\data\check\keep\x\b014bee0-ce5d-11eb-b317-38f9d35ea60f.png,keep,anh
232,x,D:\Project\Week1_Data_centric\baseline_code-main\data\check\keep\x\b021ace0-ce5d-11eb-b317-38f9d35ea60f.png,keep,anh
233,x,D:\Project\Week1_Data_centric\baseline_code-main\data\check\keep\x\b0223660-ce5d-11eb-b317-38f9d35ea60f.png,keep,anh
234,x,D:\Project\Week1_Data_centric\baseline_code-main\data\check\keep\x\b02616ea-ce5d-11eb-b317-38f9d35ea60f.png,keep,anh
