,label,path,type,checker
0,iii,D:\Project\Week1_Data_centric\baseline_code-main\data\check\relabel\i\ac156ed4-ce5d-11eb-b317-38f9d35ea60f.png,relabel,anh
1,ii,D:\Project\Week1_Data_centric\baseline_code-main\data\check\relabel\i\ac315d6a-ce5d-11eb-b317-38f9d35ea60f.png,relabel,anh
2,v,D:\Project\Week1_Data_centric\baseline_code-main\data\check\relabel\ii\ab5d949e-ce5d-11eb-b317-38f9d35ea60f.png,relabel,anh
3,vi,D:\Project\Week1_Data_centric\baseline_code-main\data\check\relabel\iii\b0a13faa-ce5d-11eb-b317-38f9d35ea60f.png,relabel,anh
4,ii,D:\Project\Week1_Data_centric\baseline_code-main\data\check\relabel\iii\b0b3a50a-ce5d-11eb-b317-38f9d35ea60f.png,relabel,anh
5,x,D:\Project\Week1_Data_centric\baseline_code-main\data\check\relabel\iv\addb9af4-ce5d-11eb-b317-38f9d35ea60f.png,relabel,anh
6,ii,D:\Project\Week1_Data_centric\baseline_code-main\data\check\relabel\iv\ae0745aa-ce5d-11eb-b317-38f9d35ea60f.png,relabel,anh
7,v,D:\Project\Week1_Data_centric\baseline_code-main\data\check\relabel\iv\ae09c974-ce5d-11eb-b317-38f9d35ea60f.png,relabel,anh
8,ix,D:\Project\Week1_Data_centric\baseline_code-main\data\check\relabel\iv\ae55b49c-ce5d-11eb-b317-38f9d35ea60f.png,relabel,anh
9,x,D:\Project\Week1_Data_centric\baseline_code-main\data\check\relabel\ix\af0087a0-ce5d-11eb-b317-38f9d35ea60f.png,relabel,anh
10,x,D:\Project\Week1_Data_centric\baseline_code-main\data\check\relabel\v\af357f8c-ce5d-11eb-b317-38f9d35ea60f.png,relabel,anh
11,v,D:\Project\Week1_Data_centric\baseline_code-main\data\check\relabel\vi\aac4401e-ce5d-11eb-b317-38f9d35ea60f.png,relabel,anh
12,ii,D:\Project\Week1_Data_centric\baseline_code-main\data\check\relabel\viii\ad105f2e-ce5d-11eb-b317-38f9d35ea60f.png,relabel,anh
13,ii,D:\Project\Week1_Data_centric\baseline_code-main\data\check\relabel\viii\ad9a139a-ce5d-11eb-b317-38f9d35ea60f.png,relabel,anh
14,v,D:\Project\Week1_Data_centric\baseline_code-main\data\check\relabel\x\af9a0876-ce5d-11eb-b317-38f9d35ea60f.png,relabel,anh
15,v,D:\Project\Week1_Data_centric\baseline_code-main\data\check\relabel\x\af9e6b64-ce5d-11eb-b317-38f9d35ea60f.png,relabel,anh
