,label,path,type,checker
0,i,D:\Project\Week1_Data_centric\baseline_code-main\data\check\remove\i\abc62d74-ce5d-11eb-b317-38f9d35ea60f.png,remove,anh
1,i,D:\Project\Week1_Data_centric\baseline_code-main\data\check\remove\i\abc6b9f6-ce5d-11eb-b317-38f9d35ea60f.png,remove,anh
2,i,D:\Project\Week1_Data_centric\baseline_code-main\data\check\remove\i\abf7a8e0-ce5d-11eb-b317-38f9d35ea60f.png,remove,anh
3,i,D:\Project\Week1_Data_centric\baseline_code-main\data\check\remove\i\abfb5f30-ce5d-11eb-b317-38f9d35ea60f.png,remove,anh
4,i,D:\Project\Week1_Data_centric\baseline_code-main\data\check\remove\i\ac013f7c-ce5d-11eb-b317-38f9d35ea60f.png,remove,anh
5,i,D:\Project\Week1_Data_centric\baseline_code-main\data\check\remove\i\ac14e8ba-ce5d-11eb-b317-38f9d35ea60f.png,remove,anh
6,i,D:\Project\Week1_Data_centric\baseline_code-main\data\check\remove\i\ac18fb9e-ce5d-11eb-b317-38f9d35ea60f.png,remove,anh
7,i,D:\Project\Week1_Data_centric\baseline_code-main\data\check\remove\i\ac3396a2-ce5d-11eb-b317-38f9d35ea60f.png,remove,anh
8,i,D:\Project\Week1_Data_centric\baseline_code-main\data\check\remove\i\ac3e7324-ce5d-11eb-b317-38f9d35ea60f.png,remove,anh
9,ii,D:\Project\Week1_Data_centric\baseline_code-main\data\check\remove\ii\ab327264-ce5d-11eb-b317-38f9d35ea60f.png,remove,anh
10,iii,D:\Project\Week1_Data_centric\baseline_code-main\data\check\remove\iii\b053b2c6-ce5d-11eb-b317-38f9d35ea60f.png,remove,anh
11,iii,D:\Project\Week1_Data_centric\baseline_code-main\data\check\remove\iii\b05b5b66-ce5d-11eb-b317-38f9d35ea60f.png,remove,anh
12,iii,D:\Project\Week1_Data_centric\baseline_code-main\data\check\remove\iii\b0ab977a-ce5d-11eb-b317-38f9d35ea60f.png,remove,anh
13,iii,D:\Project\Week1_Data_centric\baseline_code-main\data\check\remove\iii\b0eb7124-ce5d-11eb-b317-38f9d35ea60f.png,remove,anh
14,iii,D:\Project\Week1_Data_centric\baseline_code-main\data\check\remove\iii\b0f00afe-ce5d-11eb-b317-38f9d35ea60f.png,remove,anh
15,iv,D:\Project\Week1_Data_centric\baseline_code-main\data\check\remove\iv\ade04432-ce5d-11eb-b317-38f9d35ea60f.png,remove,anh
16,iv,D:\Project\Week1_Data_centric\baseline_code-main\data\check\remove\iv\adf813d2-ce5d-11eb-b317-38f9d35ea60f.png,remove,anh
17,iv,D:\Project\Week1_Data_centric\baseline_code-main\data\check\remove\iv\ae07e118-ce5d-11eb-b317-38f9d35ea60f.png,remove,anh
18,iv,D:\Project\Week1_Data_centric\baseline_code-main\data\check\remove\iv\ae6d4580-ce5d-11eb-b317-38f9d35ea60f.png,remove,anh
19,iv,D:\Project\Week1_Data_centric\baseline_code-main\data\check\remove\iv\ae862a32-ce5d-11eb-b317-38f9d35ea60f.png,remove,anh
20,ix,D:\Project\Week1_Data_centric\baseline_code-main\data\check\remove\ix\aeaf289c-ce5d-11eb-b317-38f9d35ea60f.png,remove,anh
21,ix,D:\Project\Week1_Data_centric\baseline_code-main\data\check\remove\ix\aeb08eb2-ce5d-11eb-b317-38f9d35ea60f.png,remove,anh
22,ix,D:\Project\Week1_Data_centric\baseline_code-main\data\check\remove\ix\aeef5a98-ce5d-11eb-b317-38f9d35ea60f.png,remove,anh
23,ix,D:\Project\Week1_Data_centric\baseline_code-main\data\check\remove\ix\af88d308-ce5d-11eb-b317-38f9d35ea60f.png,remove,anh
24,v,D:\Project\Week1_Data_centric\baseline_code-main\data\check\remove\v\af2f5922-ce5d-11eb-b317-38f9d35ea60f.png,remove,anh
25,vi,D:\Project\Week1_Data_centric\baseline_code-main\data\check\remove\vi\aab8e1f6-ce5d-11eb-b317-38f9d35ea60f.png,remove,anh
26,vi,D:\Project\Week1_Data_centric\baseline_code-main\data\check\remove\vi\aab97aa8-ce5d-11eb-b317-38f9d35ea60f.png,remove,anh
27,vi,D:\Project\Week1_Data_centric\baseline_code-main\data\check\remove\vi\aacb3d1a-ce5d-11eb-b317-38f9d35ea60f.png,remove,anh
28,vi,D:\Project\Week1_Data_centric\baseline_code-main\data\check\remove\vi\aae36b06-ce5d-11eb-b317-38f9d35ea60f.png,remove,anh
29,vi,D:\Project\Week1_Data_centric\baseline_code-main\data\check\remove\vi\ab05d178-ce5d-11eb-b317-38f9d35ea60f.png,remove,anh
30,vii,D:\Project\Week1_Data_centric\baseline_code-main\data\check\remove\vii\ac79b650-ce5d-11eb-b317-38f9d35ea60f.png,remove,anh
31,vii,D:\Project\Week1_Data_centric\baseline_code-main\data\check\remove\vii\ac9c3e3c-ce5d-11eb-b317-38f9d35ea60f.png,remove,anh
32,vii,D:\Project\Week1_Data_centric\baseline_code-main\data\check\remove\vii\acab893c-ce5d-11eb-b317-38f9d35ea60f.png,remove,anh
33,vii,D:\Project\Week1_Data_centric\baseline_code-main\data\check\remove\vii\acdcf062-ce5d-11eb-b317-38f9d35ea60f.png,remove,anh
34,vii,D:\Project\Week1_Data_centric\baseline_code-main\data\check\remove\vii\ad7040e2-ce5d-11eb-b317-38f9d35ea60f.png,remove,anh
35,vii,D:\Project\Week1_Data_centric\baseline_code-main\data\check\remove\vii\adc87d34-ce5d-11eb-b317-38f9d35ea60f.png,remove,anh
36,viii,D:\Project\Week1_Data_centric\baseline_code-main\data\check\remove\viii\ad8fe24e-ce5d-11eb-b317-38f9d35ea60f.png,remove,anh
37,viii,D:\Project\Week1_Data_centric\baseline_code-main\data\check\remove\viii\adaca514-ce5d-11eb-b317-38f9d35ea60f.png,remove,anh
38,x,D:\Project\Week1_Data_centric\baseline_code-main\data\check\remove\x\afb804a2-ce5d-11eb-b317-38f9d35ea60f.png,remove,anh
39,x,D:\Project\Week1_Data_centric\baseline_code-main\data\check\remove\x\afe99c10-ce5d-11eb-b317-38f9d35ea60f.png,remove,anh
